10,false,259,18567000
20,false,133,4496000
30,false,133,6159000
40,false,133,7063000
50,false,133,8229000
60,false,133,5757000
70,false,259,7956000
80,false,259,9254000
130,false,133,9301000
220,false,259,11441000
240,false,259,14402000
280,false,259,4810000
300,false,259,6020000
320,false,133,11286000
340,false,0,19803000
360,false,259,7237000
380,false,195,4770000
400,false,259,9261000
420,false,195,5049000
440,true,0,51975000
500,false,259,4831000
550,false,259,35271000
570,true,0,173462000
620,false,259,12114000
630,true,0,4256000
730,true,0,77113000
1200,false,133,758000
1250,false,19.99,4630000
1500,false,259,701000
1510,false,249,775000
1520,false,259,864000
1530,false,259,585000
1700,false,299,228000
1840,true,0,1679000
1900,false,129,557000
1930,false,249,989000
2100,false,209,1025000
2200,false,429,459000
2210,false,429,285000
2270,false,299,253000
2280,false,299,753000
2290,false,299,510000
2300,false,299,599000
2310,false,299,597000
2320,false,299,248000
2330,false,109,305000
2360,false,299,351000
2400,false,249,1281000
2420,false,0,373000
2500,false,139,354000
2590,false,99,319000
2600,false,34.99,594000
2620,false,899,304000
2630,false,899,1743000
2640,false,899,237000
2700,false,0,1678000
2800,false,99,334000
2810,false,199,474000
2820,false,279,632000
2840,false,99,388000
2850,false,99,233000
2870,false,499,355000
2990,false,199,316000
3130,false,129,361000
3170,false,249,442000
3270,false,99,226000
3320,false,199,345000
3480,false,199,457000
3483,true,0,365000
3590,false,199,3241000
3700,false,189,571000
3720,false,249,341000
3730,false,129,203000
3830,false,124,2229000
3900,false,599,1528000
3910,false,449,1471000
3920,false,349,662000
3990,false,329,1155000
4000,false,19.99,23032000
4500,false,599,1363000
4560,false,699,3066000
4570,false,469,1163000
4580,false,469,1842000
4700,false,1039,2139000
4720,false,529,364000
4760,false,0,1574000
4770,false,0,541000
4780,false,1039,207000
4850,false,239,263000
6000,false,259,4317000
6010,false,154,256000
6020,false,259,1848000
6030,false,259,585000
6060,false,259,3861000
6120,false,259,239000
6220,false,149,216000
6310,false,299,285000
6370,true,0,594000
6510,false,499,424000
6550,false,699,298000
6800,false,189,881000
6810,false,189,801000
6830,false,189,664000
6840,false,189,633000
6850,false,269,1226000
6860,false,289,1521000
6870,false,149,511000
6880,false,149,1404000
6900,false,259,1153000
6910,false,149,1304000
6920,false,149,1073000
6980,false,249,664000
7000,false,149,498000
7520,false,419,725000
7600,false,349,520000
7650,false,169,735000
7660,false,169,960000
7670,false,0,2463000
7760,false,169,1357000
7830,false,129,402000
7940,false,899,1151000
8000,false,249,578000
8080,false,0,844000
8140,false,8.99,624000
8170,false,0,338000
8190,false,326,4260000
8230,false,0,882000
8500,true,0,3214000
8600,false,99,538000
8800,false,329,824000
8850,false,0,2374000
8870,false,999,4681000
8930,false,499,5770000
8980,false,1099,4459000
9000,false,299,248000
9010,false,299,574000
9030,false,109,209000
9050,false,299,528000
9160,false,349,768000
9180,false,299,307000
9200,false,349,1008000
9310,false,469,516000
9340,false,699,1912000
9350,false,249,937000
9420,false,249,931000
9450,false,469,1740000
9460,false,299,498000
9480,false,249,3412000
9880,true,0,1034000
10090,false,899,2786000
10150,false,224,678000
10180,false,899,7166000
10500,false,1039,2286000
10680,false,529,1424000
11020,true,0,2664000
11200,false,249,307000
11450,false,99,822000
12100,false,399,2678000
12110,false,399,2311000
12120,false,499,5282000
12140,false,399,689000
12150,false,249,582000
12170,false,0,834000
12180,false,0,842000
12200,false,399,1288000
12210,false,1099,3653000
12220,false,0,2007000
12320,false,249,316000
12360,false,299,360000
12710,false,199,734000
12770,false,199,285000
12810,false,199,1063000
12830,false,249,750000
12900,false,249,1309000
13140,true,0,921000
13200,false,249,383000
13210,false,299,819000
13230,false,249,577000
13240,false,199,486000
13250,false,199,447000
13500,false,419,372000
13520,false,419,727000
13530,false,419,392000
13560,false,209,318000
13570,false,419,309000
13580,false,419,278000
13600,false,419,465000
15100,false,419,1127000
15120,false,419,695000
15130,false,209,477000
15170,false,419,485000
15320,false,349,389000
15370,false,419,243000
15560,false,249,226000
15620,false,699,2111000
15700,false,26,7075000
15710,false,26,455000
15740,false,43,498000
15750,false,84,222000
16720,false,133,264000
16730,false,133,300000
16810,false,599,1394000
16900,false,435,212000
17080,true,0,1730000
17300,false,999,1140000
17330,false,999,1795000
17390,false,249,1639000
17410,false,149,2554000
17430,false,299,1005000
17440,false,249,515000
17450,false,999,948000
17460,false,999,1549000
17470,false,999,1841000
17480,false,999,835000
17500,true,0,813000
17570,true,0,1788000
17580,true,0,243000
17710,false,249,389000
18500,false,259,565000
18700,false,249,425000
19830,false,209,290000
19900,false,419,1434000
19980,false,419,290000
20500,false,0,1056000
20510,false,499,913000
20530,false,199,611000
20540,false,699,1789000
20550,false,199,424000
20570,false,699,1688000
20820,false,199,299000
20900,false,199,3147000
20920,false,419,4464000
21000,false,419,471000
21090,false,799,1294000
21100,false,399,1281000
21130,false,299,561000
21670,false,299,246000
21680,false,399,347000
21690,false,699,1538000
21980,false,599,208000
22000,false,360,1139000
22100,false,249,938000
22120,false,49,338000
22180,false,49,585000
22200,false,249,363000
22230,false,249,474000
22300,false,299,836000
22320,false,429,1429000
22330,false,429,1050000
22340,false,299,387000
22350,true,0,1275000
22370,false,499,1972000
22490,false,399,3030000
22600,false,419,905000
22610,false,199,438000
22650,false,249,468000
22670,false,249,318000
23310,false,0,679000
23450,false,489,241000
23490,false,489,1145000
24010,false,515,1024000
24200,true,0,3103000
24240,false,349,3047000
24400,false,199,421000
24420,false,199,338000
24720,false,249,791000
24740,false,0,1838000
24780,false,199,1353000
24790,false,699,727000
24800,false,999,626000
24810,false,699,343000
24840,false,199,338000
24870,false,999,304000
24960,false,999,4222000
24980,false,999,1732000
25000,false,515,856000
25800,false,299,448000
25890,false,199,599000
25900,false,149,396000
25980,false,49,280000
26500,false,154,493000
26800,false,349,1360000
26900,false,299,550000
28000,false,249,725000
29180,false,259,426000
29800,false,40,369000
31170,false,360,219000
31270,false,129,421000
31280,false,0,1210000
31290,false,0,616000
32360,false,259,612000
32370,false,259,1948000
32380,false,154,808000
32390,false,82,279000
32400,false,154,932000
32420,false,435,270000
32430,false,435,1500000
32440,false,435,573000
32460,false,259,338000
32470,false,435,1285000
32500,false,435,514000
32510,false,435,259000
32800,false,0,1385000
33100,false,133,431000
33110,false,133,309000
33120,false,133,273000
33210,false,0,373000
33230,false,419,2147000
33320,false,419,401000
33460,false,419,402000
33520,false,379,434000
33900,false,349,911000
33930,false,499,3781000
34010,false,0,277000
34030,false,24.99,1739000
34270,false,0,1210000
34600,false,199,210000
34830,false,199,857000
34870,false,249,1237000
34900,false,29,429000
35000,false,249,298000
35130,false,249,611000
35140,false,419,2182000
35450,false,399,3382000
35460,false,249,278000
35480,false,179,281000
35700,false,349,2321000
35720,false,499,3135000
37400,false,16,330000
38400,false,299,518000
38410,false,299,1059000
38420,false,299,1088000
38600,false,249,451000
38700,false,129,309000
38740,false,169,249000
39000,true,0,1249000
39120,true,0,2592000
39140,false,279,1308000
39150,false,279,615000
39190,false,149,776000
39200,false,149,594000
39210,false,9.99,2195000
39500,false,199,931000
39510,false,199,686000
39540,false,39,274000
39650,false,199,504000
39660,false,199,238000
39680,false,199,481000
39690,false,399,449000
39800,false,69,438000
40100,false,249,1425000
40300,false,249,729000
40390,false,249,1030000
40400,false,249,418000
40700,false,449,762000
40800,false,299,459000
40950,false,44,1667000
40960,false,159,581000
40970,false,65,1888000
40980,false,159,241000
40990,false,249,383000
41000,false,249,1066000
41060,false,99,323000
41070,false,599,2179000
41100,true,0,273000
41300,true,0,431000
41500,false,249,1559000
41700,false,899,1445000
41900,false,152,432000
42120,false,351,586000
42170,false,349,335000
42500,false,30,269000
42670,false,899,312000
42700,false,1799,4231000
42910,false,199,4334000
42960,false,87,950000
42990,false,349,242000
43000,false,249,215000
44350,false,0,5969000
44360,false,133,201000
45200,false,133,230000
45700,false,529,244000
45740,false,699,650000
45760,false,999,894000
45770,false,699,500000
46500,false,289,650000
46510,false,289,628000
47400,false,149,909000
47410,true,0,1478000
47700,false,999,266000
47780,false,999,1950000
47790,false,999,1324000
47800,false,0,480000
47810,false,1399,1240000
47870,false,0,2068000
47890,false,699,3655000
48000,false,249,3555000
48190,false,829,1702000
48220,false,829,601000
48240,false,829,721000
48700,false,549,3952000
48720,false,249,990000
48950,false,249,206000
49520,false,999,16260000
49540,false,1149,899000
49600,false,199,504000
50130,false,0,3070000
50300,false,649,2198000
50620,false,0,3181000
55040,false,249,229000
55100,false,419,2364000
55110,false,299,1176000
55140,false,299,247000
55150,false,1029,3957000
55230,false,249,4477000
57300,false,83,3782000
57650,false,489,376000
57690,false,649,1983000
57740,false,419,270000
57900,false,499,1002000
58520,false,449,374000
58610,false,249,793000
61700,false,419,255000
63000,false,199,337000
63200,false,99,263000
63380,false,0,3888000
63500,false,154,225000
63700,false,199,474000
63710,false,199,993000
63910,false,299,361000
63940,false,189,210000
64000,false,249,627000
65540,false,199,688000
65560,false,99,229000
65600,false,199,373000
65730,false,499,257000
65740,false,999,313000
65780,false,319,887000
65790,false,149,1823000
65800,false,360,2219000
65930,false,999,2350000
65980,false,1299,1953000
67370,false,649,1874000
70000,false,249,1328000
70100,false,30,264000
70120,false,30,242000
70600,false,329,803000
70620,false,249,214000
70660,false,189,392000
71230,false,299,341000
71340,false,699,1234000
72000,false,249,354000
72200,false,0,707000
72850,false,399,9316000
73010,false,349,318000
73020,false,0,441000
73170,false,199,224000
78000,false,199,480000
91200,false,199,738000
91330,false,349,780000
91600,false,259,983000
91700,false,249,559000
92000,false,129,309000
92100,false,27,437000
92800,false,249,1018000
93200,false,360,335000
94200,false,259,582000
94400,false,249,660000
94590,false,133,503000
95300,false,179,423000
95400,false,279,535000
96000,false,149,9722000
96100,false,27,1409000
96200,false,299,319000
96800,false,249,227000
97000,false,199,418000
97100,false,0,535000
97330,false,0,264000
98200,false,449,650000
98300,false,149,216000
98400,false,249,518000
98800,false,133,443000
98900,false,133,248000
99300,false,529,779000
99700,false,124,340000
99900,true,0,3217000
99910,true,0,409000
102500,false,0,1649000
102600,false,259,1750000
102840,false,259,519000
104200,false,59,892000
104900,false,29,2058000
105000,false,27,265000
105450,false,549,2955000
105600,false,249,33292000
107100,false,360,1090000
107200,false,249,544000
107300,false,59,808000
107310,false,59,914000
107410,false,1199,5826000
107800,false,0,353000
108200,false,249,562000
108210,true,0,466000
108500,false,205,312000
108600,false,299,1628000
108710,false,360,2217000
108800,false,1399,1382000
109600,true,0,5625000
110800,false,599,1976000
111600,false,249,437000
111800,false,129,205000
111900,false,0,426000
113020,false,349,1884000
113200,false,99,2718000
113400,true,0,5005000
113420,false,0,1833000
115100,false,124,490000
115110,false,124,401000
115120,false,174,305000
115320,false,324,467000
115800,false,449,327000
200010,false,249,240000
200170,false,349,1180000
200210,true,0,3568000
200260,false,419,2463000
200390,false,189,321000
200510,false,999,3069000
200710,false,419,3627000
200900,false,174,703000
201210,true,0,358000
201420,false,349,294000
201480,false,99,415000
201570,false,25,931000
201790,false,360,1596000
201810,false,649,2062000
201830,false,0,274000
201870,false,625,876000
202170,false,0,2406000
202750,false,205,1230000
202970,false,2599,4530000
203140,false,399,2801000
203160,false,399,7201000
203290,true,0,2497000
203630,false,449,701000
203680,false,349,454000
203750,false,529,775000
203770,true,0,3105000
203830,false,299,411000
204030,false,49,734000
204060,false,195,745000
204100,false,699,1915000
204120,false,399,314000
204180,false,27,419000
204240,false,37,548000
204300,true,0,2281000
204340,false,149,1194000
204360,false,449,6958000
204450,false,799,1508000
204530,false,360,381000
204630,false,349,201000
204880,false,330,3066000
205020,false,299,221000
205190,false,1249,269000
205230,false,529,1240000
205650,false,227,404000
205710,true,0,915000
205730,false,74,230000
205910,false,249,500000
205950,false,299,1329000
206190,false,249,818000
206210,true,0,2473000
206420,false,349,4290000
206440,false,279,1593000
206480,true,0,1476000
206500,true,0,1775000
206610,false,249,294000
206690,false,129,383000
207080,false,249,486000
207140,false,349,2281000
207150,false,249,210000
207170,false,349,853000
207230,true,0,1716000
207350,false,399,261000
207420,false,79,235000
207490,false,419,440000
207570,false,133,310000
207610,false,449,3026000
207650,false,249,386000
207690,false,299,405000
208090,false,0,5195000
208140,false,199,1770000
208200,false,429,842000
208480,false,0,1029000
208500,false,154,288000
208520,false,649,445000
208580,false,259,1526000
208650,false,899,4417000
208670,false,249,261000
208730,false,399,390000
208750,false,349,249000
209000,false,499,2022000
209080,false,129,3299000
209100,false,499,217000
209160,false,2599,1399000
209190,false,249,254000
209540,false,399,490000
209650,false,2599,690000
209670,false,399,1465000
209730,false,399,382000
209790,false,249,220000
209830,false,360,402000
209870,false,0,2923000
210770,false,360,1613000
210970,false,699,759000
211160,false,619,1324000
211360,false,189,221000
211400,false,74,843000
211420,false,0,4733000
211440,false,99,477000
211500,true,0,4735000
211600,false,149,690000
211740,false,149,916000
211820,false,299,4388000
212010,false,195,354000
212070,true,0,2221000
212390,true,0,771000
212480,false,699,833000
212500,true,0,3340000
212630,false,625,259000
212680,false,249,2952000
212740,true,0,965000
212800,true,0,1022000
213030,false,61,407000
213330,false,419,394000
213610,false,369,715000
213650,true,0,614000
213670,false,1249,2930000
213850,false,0,708000
214150,false,259,362000
214170,false,149,750000
214250,false,625,233000
214340,false,249,1054000
214360,false,189,357000
214420,true,0,1991000
214490,false,1369,2104000
214510,false,419,830000
214550,false,169,320000
214560,false,0,1748000
214730,false,399,269000
214770,false,360,639000
214790,false,99,263000
214830,false,249,370000
214870,false,299,461000
214950,false,2489,3264000
214970,false,149,365000
215080,true,0,1590000
215100,true,0,642000
215120,false,0,352000
215160,false,299,224000
215280,true,0,1156000
215470,false,189,416000
215510,false,32,430000
215530,false,349,683000
215670,false,133,232000
215690,false,349,236000
215790,false,169,998000
215830,true,0,591000
215870,true,0,239000
215930,false,169,514000
216890,false,549,211000
216910,false,599,231000
217200,false,349,891000
217750,true,0,702000
217920,false,399,694000
218060,false,299,416000
218230,true,0,9345000
218410,false,349,252000
218510,false,249,429000
218620,false,259,18525000
218640,false,249,679000
218680,false,419,1493000
218740,false,249,414000
218820,false,419,334000
219150,false,249,2498000
219340,false,0,415000
219640,false,449,5612000
219680,false,249,276000
219700,true,0,487000
219740,false,259,5599000
219780,false,419,782000
219830,true,0,552000
219890,false,399,1037000
219910,false,299,330000
219950,false,299,327000
219990,false,529,8787000
220160,false,829,233000
220200,false,699,2721000
220240,false,829,3572000
220260,false,299,250000
220440,false,999,1316000
220660,false,499,260000
220700,false,1199,521000
220740,false,299,475000
220780,false,249,424000
220820,false,249,461000
220860,false,99,539000
221040,false,999,1872000
221100,false,119.99,5000000
221260,false,360,840000
221380,false,419,6224000
221540,false,360,249000
221640,false,79,1005000
221680,false,1249,954000
221810,false,264,273000
221910,false,299,2389000
222160,false,129,270000
222480,false,999,867000
222520,true,0,398000
222730,false,249,698000
222750,false,399,479000
222880,false,360,4030000
222940,false,419,566000
222980,false,2.99,239000
223100,false,435,735000
223470,false,24,5348000
223710,true,0,3782000
223750,true,0,2786000
223830,false,449,265000
224260,true,0,8138000
224300,false,149,318000
224460,false,279,238000
224480,false,299,776000
224500,false,349,437000
224540,false,0,1737000
224600,true,0,3313000
224760,false,249,1448000
224860,false,249,327000
224900,false,419,478000
224920,false,0,376000
224940,false,149,369000
224960,false,149,885000
224980,false,149,368000
225000,false,149,302000
225020,false,149,353000
225080,false,69,1576000
225160,false,249,231000
225260,false,174,2253000
225280,false,299,495000
225300,false,149,229000
225320,false,149,239000
225420,false,349,748000
225540,false,439,3103000
225600,true,0,335000
225640,false,349,662000
225840,true,0,4499000
226120,false,133,243000
226580,false,175,374000
226700,true,0,1282000
226720,false,999,298000
226740,false,249,340000
226840,false,499,1242000
226860,false,725,874000
227080,false,349,208000
227100,false,349,428000
227180,true,0,761000
227200,false,259,255000
227220,true,0,324000
227300,false,149,9058000
227480,false,249,302000
227780,false,149,287000
227860,false,449,460000
227940,true,0,15281000
228200,false,699,1788000
228280,false,419,1260000
228300,false,999,755000
228360,false,174,229000
228380,false,1199,1132000
228400,false,0,397000
229480,false,399,300000
230050,false,79,321000
230190,false,499,242000
230230,false,0,1239000
230270,false,349,359000
230290,false,515,710000
230410,true,0,39257000
230820,false,299,243000
230980,false,99,248000
231040,false,249,303000
231060,true,0,1599000
231140,false,399,326000
231160,false,299,727000
231200,false,449,359000
231430,false,699,5041000
231740,false,199,401000
232010,false,25,1871000
232050,false,399,916000
232090,false,899,3177000
232430,false,349,576000
232450,false,0,301000
232750,false,399,227000
232770,true,0,4502000
232790,false,180,549000
232810,false,0,245000
232890,false,69,1238000
232910,false,419,657000
233130,false,599,2807000
233150,false,249,348000
233270,false,625,1141000
233290,false,599,879000
233370,false,0,269000
233450,false,515,4770000
233470,false,249,354000
233610,false,465,240000
233720,false,249,1688000
233740,false,133,202000
233840,false,449,528000
233860,false,515,1375000
233980,false,289,515000
234080,false,499,425000
234140,false,899,2892000
234190,false,133,994000
234270,false,699,203000
234330,true,0,727000
234390,false,249,603000
234630,false,108,1124000
234650,false,349,1741000
234670,false,669,654000
234710,false,0,900000
234940,false,150,446000
241560,false,1249,268000
235210,false,699,771000
235250,false,133,356000
235320,false,99,213000
235340,false,0,912000
235400,true,0,246000
235460,false,599,942000
235540,false,499,1171000
235600,false,829,1047000
235720,false,133,224000
235800,false,349,304000
236090,false,74,1063000
236110,true,0,2188000
236370,false,249,483000
236390,true,0,21306000
236430,false,1199,1735000
236450,false,249,247000
236510,false,129,252000
236690,false,799,905000
236730,false,349,309000
236850,false,699,4053000
236870,false,0,3312000
237110,false,0,1371000
237310,true,0,1456000
237630,false,399,335000
237850,false,449,372000
237870,true,0,461000
237930,false,435,1452000
237950,false,149,351000
237990,false,750,725000
238010,false,399,1787000
238050,false,249,413000
238070,true,0,299000
238090,false,499,1910000
238210,false,249,807000
238240,false,87,481000
238260,true,0,638000
238280,false,249,209000
238320,false,435,3852000
238370,false,349,1009000
238430,false,249,1069000
238460,false,449,2334000
238750,false,1039,202000
238910,false,249,257000
238960,true,0,18508000
239030,false,249,2451000
239070,false,249,751000
239120,false,359,339000
239140,false,1099,6171000
239160,false,499,1461000
239200,false,83,898000
239250,false,699,292000
239350,false,349,597000
239430,false,249,576000
239820,false,249,1502000
240320,true,0,1618000
240440,false,419,260000
240720,false,195,2015000
240760,false,175,783000
241240,false,259,424000
241260,false,249,302000
241540,false,0,801000
241600,false,349,1304000
241910,false,299,460000
241930,false,899,3718000
242050,false,829,4615000
242570,false,0,208000
242640,false,799,837000
242680,false,289,536000
242700,false,419,1338000
242720,true,0,3010000
242760,false,435,7845000
242860,false,499,1492000
242880,false,104,614000
242920,false,399,2018000
243040,false,175,417000
243120,false,129,333000
243200,false,299,392000
243470,false,1249,988000
243780,false,249,377000
243800,false,449,307000
243930,false,249,233000
243950,false,599,479000
243970,false,419,693000
244050,true,0,427000
244070,false,189,221000
244090,false,189,760000
244160,false,599,903000
244210,false,435,1276000
244450,false,499,1454000
244710,false,124,286000
244770,false,349,290000
244850,false,435,3002000
244930,false,299,1314000
245050,false,79,269000
245170,false,465,1745000
245280,false,499,258000
245390,false,149,219000
245470,false,449,449000
245490,false,829,358000
245620,false,779,1320000
246070,false,144,229000
246420,false,249,619000
246580,false,699,234000
246620,false,349,2300000
246840,false,195,340000
246900,false,289,685000
247000,false,175,765000
247020,false,249,523000
247080,false,349,2202000
247240,false,249,287000
247430,false,269,558000
247660,false,449,219000
247730,false,229,519000
247950,false,349,387000
248390,false,399,529000
248550,false,299,479000
248570,true,0,2352000
248610,false,419,762000
248650,false,99,236000
248820,false,249,1477000
248860,false,360,396000
249050,false,279,929000
249130,false,419,1749000
249230,false,349,616000
249590,false,599,393000
249630,false,360,437000
249650,false,259,629000
249870,false,419,263000
249990,false,349,746000
250050,false,289,339000
250180,false,189,688000
250260,false,349,312000
250320,false,449,1079000
250340,false,259,337000
250400,false,83,1286000
250420,true,0,620000
250460,false,249,361000
250520,false,349,261000
250600,true,0,582000
250620,false,392,262000
250760,false,725,566000
250900,false,224,4243000
251060,false,699,1221000
251130,false,360,231000
251150,false,399,365000
251170,false,435,425000
251410,false,44,493000
251470,false,349,315000
251530,false,99,314000
251570,false,449,5901000
251730,false,429,451000
251870,false,249,375000
251950,true,0,658000
251990,false,249,312000
252030,false,349,214000
252110,false,349,289000
252130,false,129,4563000
252150,false,0,1342000
252330,false,259,418000
252410,false,259,521000
252470,false,419,478000
252490,false,725,25394000
252530,false,1170,863000
252610,false,122,426000
252630,false,299,243000
252670,false,195,204000
252870,false,465,205000
252950,false,0,10718000
253030,false,249,587000
253230,false,499,613000
253250,false,435,502000
253430,false,99,528000
253710,true,0,5673000
253860,false,129,495000
253900,false,169,733000
253980,false,129,2558000
254060,false,169,748000
254080,false,129,245000
254440,false,175,442000
254700,false,699,1807000
255070,false,349,276000
255220,false,0,783000
255300,false,20,230000
255320,false,299,202000
255420,false,0,304000
255520,false,0,532000
255710,false,499,7150000
256190,false,499,255000
256290,false,625,684000
257170,false,349,253000
257350,false,419,808000
257400,true,0,440000
257420,false,725,303000
257510,false,599,1183000
257730,true,0,384000
257750,false,133,362000
257850,false,419,628000
258090,false,259,275000
258180,false,249,534000
258200,false,0,212000
258520,false,419,581000
258760,false,49,377000
258890,false,169,340000
258970,false,419,849000
259130,false,37,477000
259320,false,129,242000
259530,false,59,447000
259680,false,169,565000
260230,false,625,989000
260410,true,0,277000
260430,true,0,374000
260750,false,0,299000
261030,false,449,1134000
261110,false,419,1385000
261180,false,299,580000
261510,false,419,316000
261530,false,419,365000
261550,false,1699,8118000
261570,false,0,1573000
261640,false,1299,3214000
262060,false,449,2043000
262150,false,99,288000
262280,false,779,1053000
262390,false,419,334000
262410,true,0,3407000
262940,false,449,361000
263060,false,129,815000
263300,false,249,233000
263500,true,0,1304000
263540,true,0,595000
263620,false,249,235000
263760,false,249,279000
263980,false,30,480000
264120,true,0,213000
264140,false,259,374000
264200,false,99,905000
264240,false,249,357000
264380,true,0,284000
264710,false,999,4554000
265210,false,54,1178000
265300,false,99,927000
265550,false,999,787000
265590,false,259,1197000
265610,false,274,260000
265630,true,0,4470000
265770,true,0,208000
265890,false,59,343000
265930,false,259,2362000
266010,false,79,359000
266130,false,349,266000
266150,false,0,379000
266210,false,69,999000
266310,false,209,284000
266410,false,450,215000
266430,true,0,786000
266510,false,419,705000
266840,false,124,1829000
267130,true,0,207000
267490,false,419,236000
267530,false,419,382000
267750,false,0,207000
267920,false,82,384000
268050,false,649,1334000
268130,false,349,498000
268420,true,0,2488000
268500,false,1699,4992000
268540,false,299,450000
268650,false,465,314000
268750,false,259,457000
268850,true,0,713000
268870,false,499,839000
268910,false,419,2381000
269210,false,199,1620000
269650,false,419,313000
269670,false,249,299000
269770,false,349,221000
269790,false,349,303000
269950,false,1049,700000
270150,false,399,590000
270170,true,0,465000
270210,false,249,246000
270450,false,249,486000
270550,true,0,1728000
270850,false,169,886000
270880,false,249,2210000
271240,false,515,614000
271500,false,59,408000
271570,false,259,422000
271590,false,0,32986000
271860,false,129,366000
271920,true,0,417000
272060,true,0,14565000
272230,false,435,213000
272270,false,279,209000
272470,false,349,379000
272510,false,599,403000
272890,false,259,209000
273110,true,0,6854000
273350,false,0,5313000
274170,false,349,1624000
274190,false,299,2263000
274290,false,249,453000
274310,false,249,314000
274500,false,419,310000
274520,false,299,595000
274560,false,129,281000
274620,false,0,424000
274900,false,82,772000
274920,false,349,687000
274940,false,419,1661000
275200,false,349,364000
275390,false,360,11798000
275470,false,133,428000
275490,false,149,471000
275670,false,399,209000
275850,false,1999,5520000
276810,false,699,390000
277430,false,27,407000
278080,false,899,843000
278360,false,360,7099000
278460,false,349,303000
278970,false,61,386000
279640,false,169,383000
279720,false,299,4041000
280160,false,419,773000
280180,false,419,307000
280220,false,360,479000
280640,false,129,420000
280680,false,249,246000
280790,true,0,4483000
281610,false,899,474000
281640,false,750,346000
281750,false,15,216000
281920,false,190,300000
281990,false,699,3002000
282070,false,419,2200000
282100,false,169,715000
282140,false,99,576000
282210,false,649,223000
282440,false,299,2672000
282560,false,349,340000
282660,true,0,1912000
282800,false,175,890000
282900,false,360,413000
283290,false,82,252000
283640,false,389,468000
283880,true,0,559000
284050,false,249,296000
284160,false,465,2131000
284240,false,419,265000
284930,false,133,228000
284950,false,133,355000
285010,false,133,464000
285160,false,419,515000
285190,false,1799,1216000
285310,false,149,703000
285330,false,249,671000
285580,false,0,366000
285800,false,199,5935000
285900,false,419,1154000
285920,false,465,521000
286000,false,419,295000
286040,false,129,314000
286100,true,0,246000
286120,false,82,457000
286160,false,419,3034000
286260,false,349,227000
286570,false,299,2316000
286690,false,419,2615000
286940,false,0,2841000
287100,false,133,481000
287120,false,129,339000
287290,false,149,1340000
287340,false,0,299000
287390,false,419,2601000
287450,false,104,1253000
287630,true,0,270000
287700,false,599,1674000
287920,true,0,647000
287980,false,249,648000
288160,false,129,585000
288470,false,149,833000
289070,false,1999,6057000
289090,false,129,495000
289130,false,515,1524000
289520,false,289,207000
289650,false,1249,1055000
289690,false,399,320000
289780,true,0,231000
289950,false,349,631000
290080,false,435,344000
290300,false,419,566000
290340,false,499,939000
290730,true,0,664000
290770,false,249,210000
290790,false,499,309000
291480,true,0,13300000
291550,true,0,21028000
291650,false,499,1399000
291860,false,625,253000
292030,false,1199,12227000
292120,false,359,646000
292140,false,449,416000
292370,false,61,364000
292380,false,129,373000
292390,false,82,280000
292410,false,82,691000
292500,false,249,355000
292570,false,61,306000
292620,false,79,352000
292630,false,129,328000
292730,false,1999,646000
292910,false,699,1855000
292930,false,249,215000
293180,false,29,1094000
293260,true,0,1010000
293540,true,0,1915000
293760,false,515,345000
293780,false,349,671000
294040,false,82,391000
294100,false,619,2642000
294860,false,699,678000
295110,false,0,2423000
295690,false,133,223000
295790,false,349,481000
296050,false,79,314000
296300,false,61,297000
296470,false,129,571000
296490,false,249,447000
296870,false,149,462000
296910,false,175,270000
296970,false,419,219000
297000,false,625,1490000
297020,false,133,388000
297130,false,349,378000
297920,false,119,229000
298050,false,465,542000
298110,false,1249,1767000
298160,true,0,208000
298180,true,0,581000
298260,true,0,978000
298520,false,249,277000
298600,false,149,255000
298610,true,0,649000
298630,false,449,1210000
298900,false,0,279000
299260,false,195,386000
299360,true,0,3324000
299480,false,419,281000
299740,false,515,805000
300040,true,0,524000
300080,true,0,560000
300380,false,419,549000
300550,false,349,759000
301520,true,0,12751000
301640,false,799,1044000
301690,false,79,245000
301750,false,82,906000
301860,false,419,274000
301910,false,349,786000
301970,false,360,512000
302080,false,37,232000
302380,true,0,890000
302510,false,259,1281000
302590,true,0,203000
302610,false,79,290000
302670,false,349,1054000
302830,true,0,3982000
303210,false,249,435000
303390,false,29,1741000
304050,true,0,11075000
304240,false,699,1160000
304390,false,625,2682000
304430,false,499,1784000
304530,false,725,221000
304650,false,399,815000
304730,false,419,259000
304930,true,0,43626000
305050,false,249,776000
305260,true,0,518000
305620,false,475,2003000
305640,false,360,285000
306020,false,259,467000
306040,true,0,411000
306130,false,7.99,2339000
306350,false,82,323000
306410,false,30,411000
306660,false,350,205000
306760,false,699,208000
307070,false,129,248000
307110,false,372,244000
307230,false,59,327000
307290,true,0,207000
307670,false,419,389000
307690,false,599,2022000
307780,false,699,2116000
307880,false,259,419000
307960,false,299,421000
308040,false,149,554000
308060,false,349,212000
308420,false,349,366000
308600,false,360,1349000
310060,false,189,477000
310080,false,249,278000
310370,true,0,967000
310510,false,419,242000
310560,false,435,2055000
310950,false,279,1601000
311210,false,1999,2265000
311240,false,805,714000
311260,false,899,441000
311290,false,349,641000
311340,false,599,1059000
311560,false,829,626000
311690,false,349,2844000
311730,true,0,679000
311860,false,79,1249000
312150,true,0,330000
312280,true,0,697000
312450,true,0,308000
312520,false,419,278000
312530,false,289,1469000
312610,false,189,474000
312660,false,1049,1972000
312670,false,930,235000
312750,false,359,209000
312840,false,249,272000
312990,true,0,3473000
313010,false,599,232000
313120,false,349,949000
313140,false,419,456000
313160,false,299,691000
313340,false,66,451000
313480,false,129,415000
313500,false,129,266000
313630,false,419,309000
313690,false,499,653000
313730,true,0,635000
313740,false,249,419000
314000,true,0,941000
314010,true,0,285000
314020,false,99,204000
314160,false,449,2097000
314250,false,30,398000
314280,true,0,328000
314410,false,279,261000
314450,false,27,469000
314660,false,142,358000
314710,false,419,215000
314970,true,0,272000
315430,false,299,777000
316010,false,0,2730000
316790,false,174,452000
317250,false,27,654000
317360,true,0,2116000
317410,true,0,224000
317470,true,0,669000
318100,false,133,203000
318430,false,154,307000
318600,false,349,436000
319180,false,102,409000
319510,false,133,1081000
319570,true,0,206000
319630,true,0,5645000
319830,true,0,1000000
319910,false,469,961000
320040,false,360,311000
320240,false,299,221000
320300,false,699,712000
320340,false,249,265000
321150,false,249,496000
321360,false,289,721000
321400,true,0,815000
321480,true,0,242000
321800,false,419,293000
321960,false,1669,300000
322110,false,349,272000
322170,false,99,2509000
322190,false,360,357000
322330,false,349,8710000
322500,false,449,1412000
322680,false,199,235000
322770,false,435,272000
322780,false,0,214000
323060,false,349,486000
323190,false,599,2544000
323320,false,335,390000
323470,false,999,842000
323580,false,360,2212000
323850,false,349,1243000
323910,true,0,567000
324080,false,349,478000
324310,false,600,315000
324800,false,699,802000
324810,true,0,710000
325090,false,129,292000
325610,false,1869,1922000
326160,true,0,389000
326360,true,0,269000
326410,false,259,284000
326460,false,169,1010000
326960,true,0,752000
327030,false,999,766000
327070,false,799,283000
327140,false,419,253000
327220,false,699,328000
327410,false,99,332000
327640,true,0,308000
327690,false,0,1737000
327740,false,259,248000
327890,false,289,604000
328060,false,0,353000
328080,false,360,320000
329000,false,79,507000
329050,false,999,831000
329070,false,465,493000
329110,true,0,682000
329130,false,360,384000
329380,false,349,328000
329430,false,435,560000
329440,false,1029,325000
330000,false,0,231000
330020,false,465,885000
330350,false,129,408000
330830,false,1428.99,411000
330840,false,0,826000
331120,true,0,246000
331360,true,0,615000
331470,true,0,1740000
331480,false,349,238000
331600,false,999,521000
331670,false,449,486000
332070,true,0,1810000
332200,false,419,205000
332310,false,1899,533000
332500,false,419,665000
332570,false,372,294000
332790,false,29.18,362000
332800,false,195,542000
332950,true,0,769000
333250,false,189,440000
333420,false,949,1275000
333600,false,249,794000
333640,false,360,212000
333930,true,0,6726000
333950,false,259,207000
334210,false,349,614000
334230,false,129,1149000
334920,true,0,398000
335240,true,0,3083000
335300,false,299,2773000
335330,true,0,850000
335430,true,0,313000
335670,false,249,422000
336510,false,0,288000
336520,true,0,398000
336670,true,0,283000
337000,false,649,1893000
337320,false,435,899000
337340,false,249,399000
337410,true,0,319000
337950,false,0,1257000
338180,true,0,571000
338530,false,29,290000
338540,true,0,776000
339200,false,349,293000
339280,true,0,1167000
339340,false,699,253000
339400,false,249,391000
339470,false,29,279000
339600,true,0,940000
339610,true,0,4835000
339800,false,249,1033000
340050,false,129,375000
340170,false,499,496000
340540,true,0,277000
340810,true,0,404000
340840,false,349,340000
341000,false,349,465000
341310,false,27,935000
341500,false,59,422000
341720,true,0,216000
341800,false,349,1024000
341940,false,154,460000
342150,false,0,497000
342180,false,699,346000
342200,true,0,1719000
342380,false,249,362000
342480,false,419,285000
342560,false,360,491000
342570,true,0,362000
342620,false,360,300000
342980,true,0,416000
343100,false,133,205000
343360,false,29,700000
343390,false,30,210000
343440,false,129,208000
343630,true,0,278000
343710,false,499,2253000
343740,true,0,292000
343780,false,169,227000
344130,false,133,218000
344230,false,133,261000
344300,false,149,201000
344760,false,259,461000
345180,false,499,633000
345260,false,419,411000
345350,false,449,462000
345390,true,0,207000
345580,false,249,315000
345650,true,0,291000
345820,false,419,398000
346010,false,360,2264000
346110,false,930,8996000
346120,true,0,380000
346250,true,0,497000
346330,true,0,1214000
346900,true,0,5121000
346940,false,419,836000
347030,false,0,218000
347560,false,29,946000
348510,false,388,387000
349040,false,749,1338000
349460,false,30,251000
349700,false,0,1848000
349720,true,0,520000
350080,false,649,751000
350640,false,999,893000
350810,false,133,416000
351030,true,0,650000
351140,true,0,338000
351490,false,29,452000
351640,true,0,569000
351710,false,360,379000
351920,false,259,319000
351940,true,349,572000
351970,false,999,637000
352400,false,699,659000
352460,false,0,386000
352520,false,24,327000
352720,false,499,376000
353130,true,0,712000
353270,false,360,446000
353360,true,0,214000
353640,false,249,572000
354140,false,195,506000
354240,false,169,472000
354290,true,0,283000
354380,false,419,335000
354640,false,0,417000
355050,false,249,369000
355180,true,0,3071000
355790,false,699,262000
355840,true,0,4019000
355920,false,46,368000
356040,false,349,377000
356130,true,0,388000
356190,false,825,2080000
356310,true,0,617000
356370,false,0,384000
356400,false,419,210000
356500,false,154,474000
356570,false,259,474000
356670,true,0,1132000
356880,false,30,216000
357190,false,999,330000
357280,false,59,343000
357290,false,29.9,230000
357480,false,0,246000
357900,false,29,864000
358130,false,349,394000
359050,false,29,395000
359310,false,419,472000
359320,false,24.99,2182000
359550,false,829,45016000
359800,true,0,514000
359870,false,499,817000
359900,false,349,321000
360170,false,349,663000
360380,false,29,261000
360430,false,1499,1175000
360620,true,0,350000
360640,false,79,277000
360740,false,79,393000
360830,false,1199,499000
360870,true,0,251000
360890,false,25,260000
360940,false,259,603000
361190,false,129,265000
361280,false,249,552000
361300,false,349,327000
361420,false,354,2059000
361630,true,0,204000
361800,false,0,270000
362490,false,349,448000
362610,false,129,216000
362620,false,309,225000
362680,false,349,421000
362890,false,419,1990000
362930,false,129,371000
362960,false,515,681000
363150,false,1049,366000
363440,false,699,233000
363490,false,29,887000
363680,false,699,385000
363890,false,1349,423000
363930,false,349,427000
363970,true,0,6140000
364360,false,2489,2251000
364420,false,259,258000
364470,true,0,1970000
364690,false,30,456000
365300,true,0,223000
365360,false,499,605000
365450,false,259,1495000
365590,false,1249,3389000
365670,true,0,3290000
365960,false,569,204000
366090,false,435,295000
366220,false,649,377000
366250,false,189,336000
367120,true,0,301000
367450,false,259,952000
367500,false,999,1346000
367520,false,349,4400000
367580,false,29,207000
367670,false,79,473000
368070,false,699,776000
368230,true,0,1503000
368340,false,419,299000
368360,false,199,678000
368370,false,259,1334000
368500,false,1669,1127000
368730,false,349,268000
368990,false,29,438000
369400,false,0,289000
369990,false,399,381000
370240,false,0,243000
370360,false,169,401000
370510,false,27,350000
370770,true,0,429000
370910,false,349,8271000
371330,false,59,425000
371420,false,129,265000
371460,false,133,214000
371660,false,2079,982000
371970,false,360,261000
372000,true,0,2524000
372360,false,419,794000
372540,true,0,222000
372800,true,0,996000
373330,true,0,214000
373390,false,299,478000
373420,false,699,1191000
373770,false,223,300000
374030,false,249,226000
374040,false,419,919000
374280,true,0,345000
374320,false,499,4853000
374830,false,249,289000
374900,false,349,387000
375200,false,249,230000
375230,true,0,805000
375450,false,1049,400000
375480,false,309,682000
375510,false,29,944000
375530,false,649,331000
375820,false,360,409000
375910,false,1669,298000
375950,true,0,669000
376210,false,419,876000
376570,false,0,1063000
376730,false,61,665000
376870,false,0,361000
377160,false,859,6277000
377310,false,30,380000
377530,false,379,315000
377840,false,472,622000
378100,false,59,317000
378370,true,0,214000
378540,false,699,1050000
378610,false,360,467000
378860,false,1999,997000
379430,false,515,2142000
379720,false,799,3743000
380360,true,0,442000
380600,true,0,3341000
380840,true,0,1241000
381140,false,29,399000
381210,false,9.99,10051000
381940,true,0,440000
381990,true,0,358000
382110,false,349,395000
382120,false,30,363000
382310,false,515,295000
382490,true,0,1294000
382560,false,435,472000
382900,false,449,246000
383080,true,0,1308000
383120,false,419,698000
383150,false,419,761000
383180,false,419,202000
383230,false,299,245000
383330,false,29,433000
383580,false,59,739000
383870,false,419,1395000
383980,false,57.99,912000
384030,true,0,413000
384180,true,0,700000
384190,false,419,818000
384300,false,799,538000
384490,false,499,314000
384980,true,0,302000
385070,false,154,275000
385080,false,59,344000
385400,false,175,340000
385710,false,129,201000
385730,false,0,310000
385760,false,1799,559000
385770,true,0,857000
385800,false,79,694000
386010,false,0,412000
386070,false,515,740000
386180,true,0,3325000
386280,false,515,477000
386360,true,0,14032000
386620,false,289,326000
386940,false,349,1954000
387290,false,133,1730000
387860,true,0,367000
387970,true,0,493000
387990,false,419,6902000
388090,false,195,442000
388210,false,174,515000
388410,false,699,2006000
388750,false,499,388000
388880,false,259,474000
389040,false,0,367000
389430,true,0,1556000
389460,false,29,666000
389570,true,0,2354000
389730,false,1199,2084000
390560,true,0,321000
390570,false,59,208000
390670,true,0,812000
391040,false,360,251000
391070,false,29,605000
391220,false,950,4071000
391260,false,27,219000
391270,true,0,469000
391460,true,0,2824000
391540,false,249,3613000
391720,false,419,2564000
391730,false,360,329000
391780,true,0,273000
392110,false,699,334000
392160,false,1690,685000
393080,false,1599,235000
393380,false,44.99,1782000
393410,false,0,466000
393420,false,465,934000
393520,false,499,204000
393530,true,0,391000
394230,false,0,930000
394310,false,249,835000
394360,false,699,3285000
394380,true,0,440000
394510,false,349,1716000
394690,false,435,644000
394870,false,14.18,285000
394970,false,249,234000
395170,false,129,3324000
395520,true,0,436000
396710,false,349,239000
396750,false,499,541000
396900,false,515,253000
397060,false,739,769000
397100,true,0,387000
397340,false,289,601000
397460,false,449,465000
397500,false,27,285000
397540,false,1980,1927000
397720,true,249,852000
397900,true,0,3945000
397950,false,349,527000
398710,false,29,416000
398850,false,799,389000
399430,false,61,207000
399790,false,27,663000
399810,false,1099,749000
400040,true,0,805000
400110,false,449,270000
400170,false,799,623000
400370,false,82,437000
400630,false,349,727000
400910,false,389,372000
402130,false,499,252000
402180,false,249,658000
402390,false,249,527000
402560,true,0,398000
402570,false,0,672000
402710,false,449,595000
402840,true,0,440000
403190,false,360,609000
403560,false,29,587000
403640,false,1149,1782000
403900,false,29,943000
403970,false,1299,203000
404410,true,0,972000
404590,false,999,359000
404680,false,499,207000
404790,true,0,392000
405310,false,899,740000
405640,false,129,472000
405710,false,419,448000
405900,false,349,387000
406150,false,82,296000
406970,false,349,273000
407060,true,0,236000
407120,false,0,335000
407130,false,435,440000
407230,false,27,414000
407330,false,419,491000
407530,false,0,5063000
407900,true,0,341000
408900,true,0,443000
408930,true,0,267000
409160,true,0,577000
409510,true,0,410000
409710,false,419,2943000
409720,false,419,554000
410110,false,249,717000
410210,false,29,246000
410320,false,435,897000
410380,false,0,280000
410710,false,249,317000
410900,false,349,412000
410980,false,199,255000
411300,false,1399,598000
412020,false,1599,1632000
412170,false,199,958000
412210,false,129,249000
412470,true,0,476000
412600,false,29,615000
412830,false,1035,350000
412880,false,101,355000
413150,false,299,9033000
413410,false,782,608000
413420,false,782,493000
414340,false,192,1359000
414530,true,0,966000
414580,false,129,272000
414700,false,515,1291000
415200,false,1199,524000
415660,true,0,480000
415860,true,0,368000
415880,false,349,290000
415960,false,79,375000
416600,false,419,209000
416680,false,289,241000
417290,false,465,268000
417430,false,360,405000
417860,true,0,1707000
417890,true,0,367000
417910,false,59,12637000
418030,false,299,331000
418070,false,29,765000
418180,false,360,481000
418240,false,799,1123000
418340,false,419,577000
418370,false,999,1416000
418460,false,799,1184000
418530,false,435,364000
419480,false,619,333000
420110,false,249,576000
420290,false,259,308000
420530,false,249,431000
420740,false,20,359000
420790,true,0,346000
420970,false,149,673000
421020,false,108,613000
421040,false,82,271000
421050,false,419,364000
421120,false,499,237000
422250,false,787,876000
422970,false,129,385000
423580,false,419,343000
423710,false,29,901000
423880,true,0,408000
424280,true,0,2020000
424370,false,725,2264000
424830,false,169,220000
424840,false,599,1690000
425580,false,129,384000
426000,false,169,287000
427100,false,1168,369000
427190,false,699,467000
427250,false,349,204000
427270,false,0,1639000
427290,false,1499,428000
427520,false,520,3473000
427730,false,133,1438000
427820,false,299,232000
427930,false,129,241000
428550,false,249,585000
428660,false,465,245000
428690,false,1049,630000
428750,false,349,218000
428950,false,29,875000
429050,false,349,445000
429180,true,0,269000
429470,true,0,1865000
429540,true,0,345000
429570,false,349,334000
429660,false,999,885000
429790,true,0,1154000
431240,false,435,1982000
431730,false,435,337000
431930,false,349,361000
431960,false,149,13926000
432470,false,30,304000
433340,false,419,1435000
433350,true,0,893000
433850,true,0,10685000
433950,false,30,404000
434050,false,419,406000
434170,false,449,981000
434250,false,29,481000
434420,false,27,212000
434460,false,349,498000
434570,false,29,880000
434610,false,0,291000
434650,false,249,2100000
434730,false,59,361000
435150,false,799,3834000
435400,false,299,340000
435530,false,349,341000
435790,false,249,291000
436110,true,0,423000
436150,true,0,519000
436180,true,0,514000
436520,true,0,3777000
436820,true,0,333000
437220,false,0,1088000
437900,true,0,975000
437920,false,499,1150000
438020,false,59,561000
438030,false,29,282000
438040,true,0,1312000
438100,true,0,5059000
438180,false,29,969000
438480,false,30,242000
438490,false,49.99,241000
438640,false,899,280000
438680,true,0,322000
438740,false,360,1835000
439190,false,349,2237000
439350,true,0,545000
439700,false,0,5557000
440650,false,389,251000
440900,false,899,2344000
441380,false,299,281000
441870,false,79,367000
442070,false,249,228000
442120,true,0,544000
442780,false,360,274000
442810,true,0,252000
443110,true,0,761000
443580,true,0,499000
443810,false,349,689000
444090,true,0,12406000
444200,true,0,7957000
444220,false,787,214000
444480,false,59,510000
444490,false,129,320000
444640,true,0,1282000
444930,true,0,231000
445190,false,499,280000
445220,false,465,331000
445720,true,0,462000
445980,false,372,943000
446020,false,360,274000
446030,false,0,246000
446150,true,0,860000
446800,false,515,586000
447020,false,435,869000
447040,false,2499,1262000
447270,true,0,398000
447530,false,349,692000
447820,false,360,1415000
447850,false,29,348000
447920,false,29,297000
448070,false,29,224000
448280,false,435,451000
448470,false,29,1019000
448510,false,599,1154000
448630,false,59,327000
448780,false,29.17,362000
449140,true,0,217000
449220,false,29,410000
449540,false,29,324000
449960,false,499,702000
450390,true,0,1022000
450540,false,419,731000
451020,false,899,252000
451340,false,720,577000
451520,false,249,221000
451880,false,29,363000
452060,false,249,414000
453090,false,515,321000
453480,true,0,1674000
453820,false,29,468000
453850,false,79,323000
453980,false,61,319000
454200,false,29,430000
454540,true,0,426000
454650,false,1199,1232000
454690,false,133,298000
454910,true,0,228000
456670,false,515,368000
456750,false,154,267000
457140,false,449,1946000
457330,true,0,1007000
457420,true,0,353000
457550,true,0,807000
458710,false,249,223000
459220,false,235,258000
459820,true,0,1030000
460120,false,435,254000
460790,false,699,971000
460810,false,699,493000
460920,false,1249,1084000
460930,false,2079,1034000
460950,false,360,1008000
461560,true,0,368000
461730,false,30,398000
461880,false,79,280000
461890,false,29,442000
461910,false,0,1000000
461950,false,349,232000
462770,false,435,540000
462780,false,299,1422000
462930,true,0,954000
463150,false,79,472000
463220,false,29,296000
463530,false,435,226000
463710,false,29,327000
464060,false,419,547000
464780,true,0,366000
464920,false,515,1356000
465520,true,0,414000
465760,false,259,218000
466170,true,0,339000
466240,true,0,6292000
466300,false,419,360000
466500,false,199,462000
466560,false,515,2223000
466840,false,29,473000
466910,true,0,1171000
467000,false,99,311000
467370,false,29,354000
467960,false,179,229000
468250,false,0,337000
468560,true,0,405000
468700,true,0,336000
468920,false,419,203000
469600,false,435,437000
469730,false,29,460000
469820,false,175,457000
469890,false,29,371000
469990,true,0,258000
470220,false,419,1625000
471550,false,435,775000
471710,true,0,1007000
473560,false,29,354000
473690,false,499,473000
473770,false,195,244000
474050,false,29,254000
474750,false,79,447000
474960,false,174,1361000
475150,false,649,2338000
475550,false,239,980000
475630,false,0,459000
476600,false,1999,642000
477160,false,199,9537000
477290,false,73.5,410000
478980,true,0,221000
479130,true,0,843000
480430,true,0,501000
480490,false,999,1731000
480650,false,419,466000
481510,false,419,315000
482730,false,0,2030000
482920,true,0,398000
484950,false,59,443000
485310,false,59,897000
485330,false,29,354000
485510,false,930,1597000
485610,false,30,330000
485950,false,29.17,310000
485980,false,439,452000
486310,false,66,376000
486480,false,59,203000
487220,false,30,797000
488210,false,82,260000
488790,false,2499,419000
489220,false,29,292000
489520,true,0,4541000
489630,false,725,203000
489830,false,1399,4801000
489940,false,660,577000
490220,true,0,876000
490980,false,99,260000
491130,true,0,398000
491530,false,583,311000
491650,false,39,298000
491950,false,259,1734000
492720,false,1799,808000
493200,false,499,373000
493340,false,2249,1578000
493370,false,0,259000
493490,false,724.89,705000
493520,false,1199,741000
493650,false,29,507000
493900,false,999,492000
494840,false,24.99,444000
495420,false,449,674000
495890,false,36,297000
495910,true,0,823000
496240,false,224,619000
496300,false,349,650000
496460,false,449,227000
496680,false,29,506000
496750,false,249,232000
497050,false,29,365000
497180,false,359,480000
497640,true,0,246000
498240,false,449,516000
498320,false,61,451000
499420,false,29,588000
499520,false,419,454000
500810,false,209,241000
500980,false,30,238000
501300,false,19.99,577000
501590,false,1099,382000
502090,false,15,228000
502140,false,29,483000
502500,false,1999,843000
502550,true,0,411000
503300,false,59,272000
503560,false,349,561000
503770,false,360,230000
503820,false,29,671000
503940,false,999,404000
504130,false,249,428000
504210,false,349,325000
504230,false,419,920000
504370,true,0,4248000
504490,false,189,234000
505170,false,379,414000
505230,false,699,247000
505460,false,19.99,894000
506140,true,0,622000
506610,false,195,442000
506670,false,30,265000
507380,false,29,427000
507490,false,231,235000
508290,false,29,233000
508390,true,0,206000
508440,false,435,2735000
509980,false,372,294000
510630,false,0,414000
510840,false,37,1718000
511470,false,129,1229000
511800,true,0,847000
512250,false,59,408000
512470,true,0,642000
512640,false,29,369000
512900,false,435,618000
513000,true,0,435000
513450,true,0,467000
513510,false,79,307000
513560,true,0,694000
513590,false,59,242000
513620,false,29,340000
513710,false,515,2644000
513780,false,29,778000
514660,false,79,211000
514900,false,0,729000
514970,false,0,207000
515180,false,1200,430000
515220,false,435,486000
515470,false,29,411000
515690,false,29,571000
516510,true,0,379000
516750,false,349,941000
517630,false,0,765000
517710,false,619,356000
517790,false,209,469000
518030,false,129,353000
518150,false,435,324000
518580,true,0,230000
518790,false,435,2659000
518800,false,30,366000
519140,true,0,295000
519190,false,390,514000
519860,false,420,1164000
520440,false,499,416000
521200,true,0,315000
521890,false,515,345000
522090,false,133,248000
522210,false,349,548000
522470,false,599,385000
522570,false,29.17,1453000
523660,false,435,958000
524220,false,1332,1771000
526160,false,479,488000
526740,false,99,484000
526870,false,599,2269000
527230,false,174,906000
527430,false,1499,1331000
527750,false,79,307000
527760,false,29,449000
527770,false,29,369000
528230,false,449,423000
528510,false,59,306000
528670,false,30,264000
529110,true,0,430000
529180,false,499,712000
529240,false,15,252000
529840,false,0,275000
529920,false,29,827000
530070,false,958,301000
530330,true,0,291000
530620,true,0,1702000
530700,true,0,2561000
530890,false,349,430000
531510,false,435,579000
531640,true,0,638000
532210,true,0,9489000
532840,true,0,239000
533300,false,30,405000
533540,true,0,665000
533780,true,0,299000
534220,true,0,400000
535230,false,249,407000
535480,false,435,396000
535760,false,29,522000
535930,false,1399,1163000
536220,false,449,600000
536930,false,0,1817000
537180,true,0,1645000
537800,false,360,441000
539440,false,59,358000
539470,false,399,238000
540020,false,29,384000
540840,false,375,234000
541570,false,79,550000
542340,false,30,526000
543460,false,999,322000
543900,false,1489,285000
544330,false,419,267000
544550,false,399,219000
544730,true,0,708000
544750,false,1999,302000
544810,true,0,934000
544920,true,0,820000
545270,false,0,268000
545650,false,0,309000
545700,false,29,299000
546050,false,699,834000
546430,false,372,214000
546560,false,1085,2338000
546700,false,199,206000
546980,false,29,435000
547680,true,0,201000
547960,false,29,348000
548430,false,799,3985000
548570,false,1999,357000
550010,false,199,423000
550470,true,0,303000
550650,true,0,11974000
550900,true,0,2181000
551170,true,0,433000
551550,false,199,218000
552100,false,349,867000
552500,false,515,3010000
552520,false,2499,3752000
552620,false,499,472000
552990,true,0,8737000
553310,false,435,296000
553640,false,449,856000
553790,false,25,435000
554620,false,429,1324000
555160,false,465,1446000
555210,true,0,282000
555220,false,279,600000
555570,true,0,2804000
556160,false,15,211000
557180,true,0,359000
557340,false,435,519000
557400,true,0,293000
557600,false,360,276000
557780,true,0,487000
558100,true,0,1533000
558990,false,435,383000
559100,false,725,237000
559650,false,549,357000
560130,false,1180,662000
560260,true,0,233000
561340,false,79,446000
562010,true,0,496000
562240,false,30,301000
562270,false,99,216000
562360,false,30,241000
562590,false,0,403000
562810,false,625,376000
562860,false,465,361000
563120,false,59,343000
563560,true,0,2908000
564530,false,599,488000
564710,true,0,772000
565860,false,50,381000
566050,false,599,468000
567630,true,0,608000
567640,false,2300,671000
568220,false,465,618000
568570,false,229,372000
568770,true,0,407000
569480,false,249,1222000
570770,false,359,382000
570780,false,279,414000
570840,true,0,373000
570940,false,1199,1822000
571740,false,199,1262000
572410,false,174,419000
572520,true,0,318000
572890,false,349,344000
573090,false,465,467000
574820,false,29,232000
575490,false,59,257000
575550,false,59,335000
575720,true,0,218000
575860,false,29,230000
576120,false,29,272000
576470,false,15,240000
577460,false,59,378000
577800,false,1799,1543000
578080,false,949,54447000
578310,true,0,1663000
578330,false,1899,437000
578620,false,419,327000
578650,false,1999,373000
581130,true,0,408000
581320,false,999,1783000
581630,false,82,249000
582010,false,999,8685000
582160,false,2499,2851000
582500,true,0,1324000
582890,false,154,225000
583950,true,0,1298000
584400,false,699,440000
584980,false,289,283000
585420,false,465,233000
585550,false,30,307000
585560,false,30,246000
585690,false,30,803000
586030,true,0,277000
586140,false,699,212000
586380,false,29,467000
586620,false,29,331000
586980,true,0,258000
587620,false,699,473000
587790,false,29,334000
587860,true,0,220000
588140,false,123,434000
588430,true,0,6569000
588650,false,499,2882000
589290,false,419,445000
589360,false,1999,413000
589590,false,133,264000
589780,false,360,252000
589870,true,0,626000
590380,false,360,644000
591740,true,0,932000
591960,true,0,370000
592580,false,0,207000
592600,false,0,877000
593280,false,158,305000
593600,false,725,236000
594570,false,2489,3298000
594650,false,1349,2753000
595280,true,0,329000
595320,false,129,379000
595520,false,1699,383000
596970,false,449,243000
597170,false,435,671000
597220,false,449,443000
597760,false,300,207000
598330,false,465,383000
598700,false,102,321000
598810,false,259,394000
599140,false,399,882000
599390,true,0,658000
599460,false,259,311000
599750,false,91,352000
600750,true,0,419000
601150,false,1499,4181000
601430,false,1299,721000
601510,true,0,2880000
601840,false,435,207000
602520,false,249,416000
602890,false,99,352000
602960,false,599,467000
603360,false,29,231000
603850,false,134,698000
604240,false,249,496000
604500,true,0,272000
604990,false,399,256000
605740,false,435,595000
606140,false,0,413000
606150,false,435,760000
606280,false,1999,758000
606330,false,259,311000
606800,false,299,430000
606870,false,174,339000
606880,false,1699,528000
607050,false,435,542000
607260,true,0,284000
607890,false,1199,374000
608990,true,30,278000
609320,false,360,436000
610080,true,0,764000
610180,false,449,332000
610670,false,29,229000
611020,true,0,237000
611500,true,0,2144000
611660,false,1999,485000
611670,false,1999,531000
611790,false,465,382000
612020,true,0,214000
612070,false,59,449000
612170,false,79,361000
612880,false,1299,1735000
613010,false,29,688000
613100,false,261,1651000
613830,false,499,367000
614570,false,859,656000
616560,false,359,734000
617290,false,1297,1853000
617830,false,699,625000
618140,false,14.17,362000
618740,false,415,463000
619080,false,0,435000
619150,false,349,419000
619400,false,29,316000
619910,true,0,219000
620590,false,154,499000
620980,false,515,2794000
621060,false,435,1184000
622650,false,435,960000
625340,false,159,485000
625960,false,435,797000
626680,true,0,449000
626690,false,999,615000
627270,false,1799,520000
627690,true,0,837000
629520,false,133,1101000
629730,false,435,931000
629760,false,515,3837000
629910,false,435,344000
630100,true,0,2196000
631510,false,999,362000
632350,false,515,472000
632360,false,799,7526000
632470,false,725,1085000
633230,false,1999,842000
633460,false,499,298000
635260,false,769,682000
635730,false,59,448000
635880,false,35,386000
636040,true,0,542000
636150,false,30,398000
636480,false,349,1211000
637090,false,725,1304000
637100,false,1199,256000
637650,false,1499,1369000
637850,true,0,395000
638070,false,259,1507000
638230,false,390,312000
638490,true,0,294000
638970,false,1199,950000
639790,false,82,345000
640150,true,0,418000
640590,false,1899,937000
640820,false,435,1082000
641320,false,435,415000
641960,false,515,429000
641990,false,739,1529000
642390,false,0,416000
643270,true,0,620000
644560,false,61,2068000
644570,false,59,423000
644830,false,1499,546000
644930,false,899,1319000
645260,true,0,412000
645630,false,419,1348000
646570,false,465,2782000
646910,false,2079,4967000
647830,false,1899,267000
647960,false,129,348000
648120,false,30,1240000
648350,false,1600,1859000
648390,true,0,370000
648430,false,0,407000
648800,false,419,7084000
649190,false,259,440000
650000,false,859,346000
650700,true,0,361000
652410,false,154,1161000
652980,true,0,513000
653530,false,435,410000
654880,false,349,846000
654990,false,15,615000
657200,false,59,1164000
658570,false,503,356000
658850,false,279,388000
662320,false,0,491000
663380,false,359,407000
663390,false,95,389000
664430,false,1699,421000
665180,false,99,926000
665360,false,129,393000
666140,false,999,981000
666220,true,0,1274000
666860,true,0,340000
667530,true,0,409000
667870,true,0,299000
667890,true,0,929000
668630,false,59,997000
669580,true,0,337000
670290,true,0,203000
671440,false,799,485000
671510,false,191,363000
671610,true,0,312000
672640,true,0,208000
672680,true,0,781000
673130,false,420,495000
673950,false,435,686000
674020,false,0,595000
674500,false,435,252000
674750,false,149,227000
674940,false,129,3220000
675010,false,899,862000
675260,false,449,358000
677120,false,289,704000
677160,false,259,222000
677620,true,0,2073000
678800,true,0,761000
678950,false,1999,1470000
678960,false,1799,1067000
679900,false,360,380000
680320,false,99,219000
680360,false,499,391000
680420,false,1999,728000
680780,false,249,1277000
681280,false,459,332000
681660,false,0,945000
682130,false,249,424000
682990,false,435,265000
683320,false,392,977000
684410,false,259,413000
684680,false,30,380000
686200,false,309,350000
686810,false,799,1149000
688420,false,360,288000
688470,false,175,938000
689580,true,0,1729000
690040,false,599,471000
690510,true,0,976000
690530,false,319,472000
690640,false,515,610000
690790,false,116,1056000
690830,false,515,455000
691020,true,0,803000
692850,false,1499,865000
695920,false,299,369000
696170,false,515,311000
696370,false,133,1356000
698780,true,0,4316000
699170,false,725,457000
700030,false,0,221000
700330,true,0,6093000
700600,false,725,225000
701160,false,435,567000
702670,false,319,208000
702810,true,0,481000
703080,false,1600,1468000
703860,false,116,254000
703950,false,0,301000
704270,false,735,598000
704430,false,82,418000
704450,false,435,522000
704850,false,435,734000
705120,false,169,245000
705220,true,0,266000
706990,true,0,1481000
707010,true,0,559000
707680,false,0,475000
708420,false,0,298000
710920,false,999,457000
711810,true,0,600000
712050,false,59,490000
712100,false,1659,483000
714010,true,0,2023000
715210,false,82,1240000
718560,false,435,448000
718670,false,435,444000
718850,false,930,347000
719040,false,999,258000
719890,false,435,254000
721420,false,30,249000
723780,true,0,1572000
724970,false,515,808000
728530,false,1799,457000
728540,true,0,861000
728730,true,0,354000
728880,false,799,1632000
729040,false,1099,1247000
730310,false,825,1725000
731490,false,699,791000
732370,false,259,613000
732430,false,82,395000
732690,false,515,379000
732730,true,0,295000
734580,true,0,819000
734750,true,0,227000
735850,true,0,292000
736190,false,349,997000
736220,false,957,524000
736260,false,360,561000
737800,false,465,482000
738060,true,0,1402000
738520,false,465,238000
738540,false,1199,203000
739630,false,309,8242000
741260,false,102,375000
742120,false,0,212000
742300,false,999,287000
743090,true,0,443000
743370,false,0,454000
743450,false,289,548000
744900,true,0,2968000
745920,false,1219,626000
746850,false,449,422000
748940,true,0,340000
750920,false,0,1445000
751780,false,435,614000
752590,false,1499,788000
753420,false,259,490000
753640,false,465,353000
753650,false,232,574000
754530,false,269,461000
755790,true,0,11474000
755800,true,0,369000
757130,true,0,389000
757240,true,0,285000
758190,false,259,401000
760060,false,1199,612000
760510,true,0,574000
760620,false,399,439000
761890,true,0,1664000
763410,true,0,271000
764030,true,0,761000
764050,true,0,351000
764790,false,435,324000
766570,true,0,2548000
767560,true,0,1718000
769560,true,0,498000
770240,false,0,348000
771060,false,0,316000
773951,false,465,712000
774171,false,51,1206000
774241,false,1135,532000
774361,false,525,388000
774861,false,435,1173000
777130,true,0,412000
778700,true,0,399000
779340,false,2489,2530000
779650,true,0,454000
782330,false,1999,2807000
783770,true,0,1758000
784150,false,739,310000
784950,true,0,417000
785740,false,449,315000
787480,false,1999,319000
787860,false,799,1426000
788100,false,739,975000
788260,false,82,395000
788770,true,0,428000
790710,true,0,336000
790740,false,154,356000
790820,false,2099,401000
791930,true,0,253000
792220,true,0,596000
792300,false,465,231000
793350,false,82,238000
793460,false,465,220000
794260,false,1199,645000
794540,false,360,220000
794600,true,0,501000
795100,true,0,878000
795580,false,0,443000
795630,false,1990,360000
797410,false,499,241000
797430,true,0,343000
798420,true,0,670000
799960,true,0,626000
800270,false,435,210000
802200,true,0,205000
803330,false,1529,242000
804490,false,206,203000
805550,false,1599,473000
805850,true,0,262000
808290,true,0,424000
809140,false,300,335000
809960,false,0,1505000
812140,false,2499,2171000
812810,true,0,354000
813630,false,380,473000
813780,false,291,2647000
813820,true,0,5641000
814380,false,1999,3815000
814480,true,0,1403000
814540,false,154,224000
815370,false,465,844000
815940,false,0,421000
816020,false,1999,391000
816090,false,1099,427000
816340,false,234,347000
822240,true,0,645000
823130,true,0,2183000
823500,false,515,715000
824270,false,259,547000
825310,false,133,213000
826630,false,1085,226000
829590,false,495,398000
831450,false,82,346000
834530,false,1199,408000
834910,false,515,1377000
835860,true,0,544000
837380,true,0,313000
837470,false,435,322000
838350,false,645,2244000
838380,false,1999,305000
839200,true,0,212000
839770,false,1085,279000
840260,true,0,578000
840800,false,435,303000
841370,false,1799,1011000
843380,true,0,468000
844870,true,0,6093000
845070,true,0,2704000
847370,false,125,469000
848450,false,999,1027000
851100,false,14.99,410000
851850,false,1999,718000
853770,false,360,388000
857980,false,515,233000
858810,false,465,622000
859570,false,499,337000
859580,false,725,695000
860510,false,999,334000
861540,false,360,210000
861650,false,435,245000
862690,true,0,339000
863550,false,0,7062000
865360,false,299,284000
866440,true,0,396000
866800,false,650,692000
867290,false,930,300000
868020,true,0,442000
868360,false,465,245000
869760,true,0,303000
870780,false,1499,568000
871720,true,0,2151000
872790,false,0,1256000
874240,true,0,702000
875310,false,435,215000
876330,true,0,243000
877200,false,599,218000
878750,false,30,271000
879160,true,0,656000
880850,true,0,273000
880940,false,360,1981000
881100,false,435,1385000
882100,false,999,705000
883710,false,1599,4055000
883860,true,0,459000
884660,true,0,3732000
886250,true,0,233000
888090,true,0,322000
892970,false,435,13681000
893030,false,61,454000
893180,false,1199,294000
893520,true,0,1650000
893850,false,360,222000
895400,false,449,874000
896590,true,0,487000
897330,true,0,231000
897450,false,739,238000
900270,false,195,223000
903950,false,999,632000
906100,false,465,204000
908500,false,30,451000
908520,false,99,463000
909080,true,0,455000
911400,false,1669,2509000
914620,false,269,275000
915320,true,0,428000
916440,false,0,716000
920490,true,0,387000
921060,true,0,1203000
921390,false,745,235000
921570,false,4499,328000
921590,true,0,599000
921630,false,0,253000
922320,true,0,296000
922460,true,0,245000
924140,false,30,291000
927380,false,1799,318000
928600,false,725,701000
931690,true,0,662000
933110,false,326,395000
934840,true,0,336000
935270,false,61,462000
937170,false,175,343000
939850,false,999,207000
939960,false,1875,1857000
942970,false,200,1008000
945360,false,133,25450000
945490,true,0,317000
946050,true,0,643000
950100,false,0,828000
950890,false,175,427000
952060,false,1999,1416000
952070,false,0,350000
952860,false,1190,299000
953490,false,465,415000
954740,false,1399,445000
955050,false,259,853000
955900,false,1000,529000
959080,true,0,373000
960090,false,259,2604000
960170,false,1480,526000
960910,false,782,308000
960990,false,782,310000
962130,false,515,528000
962730,false,725,365000
967050,false,93,1298000
969990,false,1529,466000
970830,false,799,201000
972660,false,515,249000
973580,false,999,385000
973760,false,1299,402000
976310,false,1035,1231000
976730,false,362,4828000
976800,true,0,465000
977400,true,0,604000
977950,false,154,646000
979060,true,0,443000
979080,true,0,334000
984110,true,0,292000
985890,false,465,351000
987350,false,0,357000
991780,false,800,741000
992300,false,435,692000
992310,true,0,365000
993870,true,0,493000
994280,false,1005,817000
994930,false,0,429000
996470,false,0,959000
996580,false,559,494000
997070,false,1999,243000
999220,false,309,244000
999730,false,0,432000
1000010,false,739,278000
1002970,false,82,296000
1007040,false,1085,216000
1008710,false,30,307000
1010750,false,259,255000
1012880,false,249,390000
1013320,true,0,350000
1015500,false,659,513000
1016920,false,274,375000
1017900,false,4.99,501000
1021950,true,0,316000
1022450,true,0,693000
1024380,false,465,244000
1024480,false,1399,278000
1024890,true,0,339000
1025580,false,0,978000
1026820,true,0,385000
1030830,false,1499,469000
1030840,false,1999,877000
1036700,false,360,712000
1041320,true,0,270000
1044200,true,0,522000
1046030,false,154,424000
1046930,true,0,7321000
1048540,false,61,486000
1049410,false,435,645000
1049590,true,0,2464000
1049800,true,0,653000
1056640,true,0,1021000
1056960,false,999,703000
1057090,false,257,2247000
1057240,false,0,1685000
1057700,true,0,329000
1057850,true,0,414000
1058020,false,259,206000
1058640,true,0,416000
1061090,false,299,483000
1064610,true,0,478000
1066780,false,825,393000
1067310,true,0,306000
1067600,true,0,332000
1067800,true,0,442000
1067900,true,0,354000
1071870,false,460,337000
1072390,true,0,474000
1072920,false,262,329000
1073390,true,0,254000
1078730,true,0,580000
1080110,false,325,785000
1084520,true,0,418000
1085660,true,0,17263000
1086640,false,133,435000
1086940,false,1999,2152000
1088150,true,0,272000
1089090,false,1799,340000
1089130,true,0,377000
1089350,false,1999,7211000
1089980,false,360,657000
1091500,false,1999,15922000
1092660,false,515,522000
1094030,true,0,373000
1094520,false,360,789000
1094710,true,0,402000
1096530,false,729,353000
1096710,true,0,423000
1097150,false,19.99,13008000
1097420,false,270,373000
1097840,false,290,574000
1100260,false,324,289000
1100600,false,0,5048000
1102190,false,465,341000
1104450,true,0,270000
1104640,true,0,670000
1106530,false,399,243000
1106840,false,259,317000
1106850,false,0,232000
1112400,true,0,247000
1113000,false,1199,855000
1114940,true,0,227000
1115690,false,435,226000
1116960,true,0,881000
1118200,false,259,1223000
1120810,false,392,440000
1121910,true,0,510000
1126290,false,61,341000
1127400,false,154,371000
1128000,false,435,497000
1128810,true,0,1405000
1129580,false,679,550000
1133730,true,0,357000
1136160,false,259,482000
1139900,false,29.99,574000
1140620,true,0,450000
1142500,false,360,245000
1145360,false,20.99,3899000
1147550,false,20.99,493000
1147560,false,435,535000
1147690,true,0,517000
1148590,false,299,333000
1148650,false,460,223000
1150690,false,435,270000
1151080,true,0,472000
1151340,false,1299,1495000
1151640,false,29.99,1572000
1154790,false,999,976000
1158310,false,930,1938000
1158980,true,0,205000
1159660,true,0,423000
1160220,false,435,347000
1161580,false,999,301000
1162520,false,309,434000
1162930,true,0,304000
1164850,true,0,455000
1167630,false,499,557000
1168280,true,0,479000
1170880,true,0,361000
1172380,false,2499,1987000
1172470,true,0,24886000
1172620,false,362,3748000
1173370,true,0,319000
1173690,true,0,869000
1174180,false,2499,2804000
1178030,true,0,249000
1178490,false,499,351000
1179680,true,0,338000
1180380,true,0,1280000
1182020,true,0,229000
1183840,false,154,217000
1188930,false,392,300000
1189630,false,800,647000
1190460,false,3499,1351000
1191330,true,0,308000
1195460,false,259,439000
1201240,true,0,434000
1203630,false,435,538000
1207590,true,0,937000
1209040,true,0,978000
1209490,false,259,272000
1210250,true,0,352000
1213210,false,1499,1223000
1214280,true,0,270000
1217060,false,289,1381000
1218250,true,0,275000
1218740,true,0,692000
1220010,false,699,708000
1222140,false,1139,561000
1222670,false,179,934000
1222680,false,3999,1177000
1222690,false,2499,362000
1222700,false,1399,837000
1222730,false,2499,966000
1225330,false,2499,2312000
1225560,false,999,295000
1226470,true,0,1325000
1227800,false,0,371000
1229490,false,435,389000
1230410,true,0,345000
1233550,false,399,373000
1233570,false,999,411000
1235140,false,2041,212000
1236990,false,82,371000
1237950,false,2499,1016000
1237970,false,1399,1017000
1238000,false,1399,985000
1238060,false,999,279000
1238080,false,999,297000
1238810,false,3499,930000
1238820,false,2499,434000
1238840,false,2499,1482000
1238860,false,2499,1756000
1241100,true,0,500000
1241110,true,0,963000
1250410,false,4356,379000
1250870,true,0,249000
1252780,true,0,355000
1253950,false,0,371000
1258080,true,0,851000
1259970,false,710,765000
1262240,false,2999,492000
1262540,false,1399,684000
1262560,false,999,378000
1262580,false,1399,409000
1263850,false,2024,804000
1264670,false,999,864000
1266680,false,435,851000
1273710,true,0,365000
1274450,true,0,376000
1274570,false,133,268000
1275630,true,0,350000
1281800,true,0,401000
1282690,false,1399,334000
1282730,false,400,795000
1283220,true,0,523000
1284410,true,0,985000
1285670,false,80,438000
1286830,true,0,3032000
1288310,false,259,326000
1289310,true,0,2223000
1291340,false,154,362000
1292630,true,0,406000
1293230,false,33,393000
1293830,false,38.99,483000
1301720,true,0,257000
1307550,false,465,521000
1313860,false,3499,979000
1325200,false,1666,493000
1325400,false,15594,280000
1326700,true,0,491000
1335200,true,0,795000
1340530,true,0,201000
1342330,false,465,270000
1343370,true,0,1011000
1343400,true,0,1498000
1344350,true,0,256000
1353950,true,0,908000
1358880,true,0,218000
1359090,false,289,391000
1361000,false,259,294000
1362420,true,0,414000
1363430,true,0,313000
1364960,true,0,314000
1366540,false,686,2562000
1368620,true,0,500000
1372640,false,133,413000
1373500,true,0,385000
1377380,false,465,325000
1380400,false,175,629000
1393960,false,133,338000
1395560,false,28,278000
1397920,true,0,469000
1399760,false,30,242000
1399780,true,0,1250000
1401750,false,360,442000
1404210,false,1399,571000
1408720,true,0,585000
1423410,false,102,228000
1426210,false,2499,263000
1427150,true,0,290000
1436440,false,133,348000
1436930,false,102,627000
1444740,false,82,890000
1448530,true,0,225000
1468260,true,0,452000
1468810,false,785,11034000
1469330,false,102,407000
1475380,true,0,211000
1506630,false,30,336000
1516320,false,30,292000
1533390,true,0,421000
1536610,true,0,403000
1546540,false,0,359000
