21090,9011,573,94.021,88
21100,6783,2584,72.414,74
21130,4016,709,84.995,79
21670,818,295,73.495,69
21680,525,337,60.905,86
21690,18616,2753,87.117,86
21980,1863,335,84.759,78
22000,4321,272,94.078,90
22100,4633,367,92.66,72
22120,1875,120,93.985,78
22180,2319,249,90.304,73
22200,2219,391,85.019,77
22230,2930,276,91.391,74
22300,12126,3330,78.455,91
22320,15393,757,95.313,89
22330,27666,1281,95.575,94
22340,1676,752,69.028,76
22350,4203,2604,61.745,70
22370,23741,6497,78.514,91
22490,46753,2153,95.598,84
22600,3218,520,86.089,79
22610,1016,376,72.989,64
22650,581,264,68.757,63
22670,313,120,72.286,64
23310,3051,703,81.273,66
23450,437,161,73.077,72
23490,1457,195,88.196,79
24010,13834,6789,67.08,
24200,12849,3328,79.428,72
24240,34709,2521,93.229,76
24400,356,146,70.916,
24420,1144,148,88.545,82
24720,3757,566,86.907,70
24740,11164,1673,86.967,87
24780,4826,1258,79.323,
24790,4228,455,90.284,85
24800,2643,528,83.349,64
24810,2289,111,95.375,77
24840,3014,773,79.588,78
24870,1834,574,76.163,83
24960,28665,4633,86.086,87
24980,13937,833,94.36,94
25000,4683,1473,76.072,
25800,1426,291,83.052,83
25890,3940,1145,77.483,77
25900,1916,194,90.806,79
25980,500,220,69.444,72
26500,729,97,88.257,73
26800,7557,468,94.168,90
26900,794,127,86.211,79
28000,3995,2569,60.862,66
29180,976,128,88.406,80
29800,3236,848,79.236,
31170,442,55,88.934,79
31270,1906,256,88.159,70
31280,7540,989,88.404,71
31290,1949,261,88.19,74
32360,3353,157,95.527,86
32370,20306,2086,90.684,
32380,1115,362,75.491,91
32390,476,253,65.295,
32400,1946,238,89.103,
32420,268,347,43.577,46
32430,4307,1887,69.535,65
32440,11824,464,96.224,77
32460,1647,87,94.983,87
32470,21547,610,97.247,
32500,2840,1989,58.811,59
32510,3356,243,93.248,76
32800,6721,1742,79.416,66
33100,1770,123,93.502,
33110,257,126,67.102,
33120,1589,128,92.545,
33210,351,42,89.313,82
33230,26279,3539,88.131,86
33320,843,387,68.537,75
33460,1589,814,66.126,76
33520,548,72,88.387,
33900,1762,347,83.547,77
33930,19347,1610,92.318,73
34010,3539,861,80.432,72
34030,14141,1257,91.837,81
34270,6118,1081,84.984,
34600,360,127,73.922,69
34830,3249,2499,56.524,55
34870,10453,3694,73.888,52
34900,11168,3042,78.593,
35000,2768,363,88.406,74
35130,3276,312,91.304,82
35140,31501,1245,96.198,91
35450,31623,2527,92.6,76
35460,701,241,74.416,68
35480,686,215,76.138,
35700,11870,522,95.788,80
35720,18687,842,95.688,84
37400,538,127,80.902,84
38410,7906,491,94.153,86
38420,1242,310,80.026,82
38700,1758,243,87.856,80
38740,1837,156,92.173,74
39000,10695,1187,90.01,
39120,7562,2540,74.856,84
39140,17660,1322,93.036,
39150,6677,833,88.908,
39190,2063,541,79.224,86
39200,1288,483,72.727,80
39210,28232,3908,87.841,83
9310,1080,113,90.528,
39500,5496,1128,82.971,63
39510,6911,642,91.5,79
39540,1260,237,84.168,74
39650,483,221,68.608,61
39660,145,63,69.712,63
39680,2676,580,82.187,56
39690,1096,943,53.752,63
39800,2270,299,88.361,
40100,8148,1164,87.5,77
40300,5486,724,88.341,77
40390,3785,1005,79.019,69
40400,1218,241,83.482,80
40700,8229,378,95.608,85
40800,27203,1455,94.923,87
40950,5761,303,95.003,81
40960,2358,359,86.787,
40970,9946,277,97.29,78
40980,1018,199,83.648,
40990,4424,441,90.935,88
41000,5456,349,93.988,68
41060,1187,46,96.269,85
41070,20038,2567,88.644,72
41100,1187,531,69.092,
41300,1657,142,92.107,79
41500,4827,424,91.925,83
41700,16804,587,96.625,80
41900,787,244,76.334,70
42120,1518,585,72.183,70
42170,449,353,55.985,52
42500,248,164,60.194,
42670,3644,287,92.699,76
42700,21957,2400,90.147,81
42910,23882,2813,89.462,74
42960,10225,938,91.597,75
42990,378,485,43.801,65
43000,573,362,61.283,63
44350,22502,4464,83.446,80
44360,461,170,73.059,83
45200,19,3,86.364,
45700,1759,160,91.662,78
45740,3743,1143,76.607,78
45760,9862,1228,88.927,
45770,1850,485,79.229,66
46500,3035,362,89.344,82
46510,1283,208,86.05,80
47400,1179,2702,30.379,
47410,5430,2926,64.983,75
47700,510,2340,17.895,64
47780,13834,963,93.492,87
47790,4584,1816,71.625,72
47800,715,295,70.792,77
47810,12744,1187,91.479,91
47870,15575,3377,82.181,86
47890,20180,3428,85.479,86
48000,36298,2472,93.624,88
48190,11043,1339,89.186,88
48220,3488,3672,48.715,77
48240,6531,4281,60.405,83
48700,124217,2910,97.711,78
48720,9375,1346,87.445,68
48950,423,69,85.976,76
49520,228697,15879,93.508,89
49540,5271,3859,57.733,45
49600,6611,345,95.04,70
50130,43097,2262,95.013,77
50300,40621,3131,92.844,76
50620,9948,1174,89.444,83
55040,1579,191,89.209,75
55100,6548,4384,59.898,70
55110,2992,1115,72.851,75
55140,2256,407,84.716,
55150,14427,1258,91.98,74
55230,58237,2388,96.061,84
57300,25592,1440,94.673,85
57650,271,333,44.868,65
57690,10166,929,91.627,78
57740,932,392,70.393,62
57900,5545,2691,67.326,54
58520,761,251,75.198,73
58610,2156,616,77.778,81
61700,1691,265,86.452,76
63000,757,178,80.963,
63200,823,231,78.083,82
63380,21278,2864,88.137,66
63500,681,184,78.728,
63700,650,158,80.446,
63710,3226,517,86.188,
63910,798,73,91.619,78
63940,554,314,63.825,68
64000,3548,477,88.149,77
65540,6556,733,89.944,81
65560,256,260,49.612,43
65600,365,375,49.324,
65730,391,301,56.503,70
65740,439,532,45.211,60
65780,715,246,74.402,
65790,3615,953,79.137,
65800,13297,1029,92.817,81
65930,7574,3273,69.826,66
65980,11532,8599,57.285,81
67370,14889,1448,91.137,77
70000,12402,2423,83.656,53
70100,610,321,65.521,
70120,170,322,34.553,
70600,3460,464,88.175,66
38400,10959,820,93.038,89
70620,462,102,81.915,
70660,174,208,45.55,
71230,2031,371,84.555,
71340,13056,999,92.892,77
72000,771,128,85.762,78
72200,2360,539,81.407,83
72850,282679,15565,94.781,94
73010,725,215,77.128,70
73020,879,296,74.809,
73170,1437,175,89.144,81
78000,4084,176,95.869,82
91200,3504,517,87.143,80
91330,472,312,60.204,55
91600,2748,323,89.482,70
91700,5393,1029,83.977,
92000,1320,873,60.192,64
92100,1107,677,62.052,
92800,4094,354,92.041,84
93200,918,185,83.228,79
94200,2081,121,94.505,81
94400,6158,772,88.86,81
95300,781,234,76.946,80
95400,4213,320,92.941,83
96000,4886,692,87.594,63
96200,196,123,61.442,55
96800,178,124,58.94,54
97000,1702,175,90.677,72
97100,764,234,76.553,77
97330,1047,154,87.177,77
98200,2064,446,82.231,85
98300,1147,123,90.315,71
98400,3550,746,82.635,73
98800,4409,273,94.169,79
98900,164,100,62.121,
99300,2025,346,85.407,76
99700,801,106,88.313,78
99900,18104,3456,83.97,64
99910,1265,306,80.522,
102500,10945,1423,88.495,81
102600,6142,214,96.633,83
102840,2187,487,81.788,72
104200,4023,709,85.017,
104900,21907,7320,74.955,
105000,1204,394,75.344,72
105450,25934,2693,90.593,81
105600,705140,14925,97.927,83
107100,32055,1415,95.772,86
107200,2556,241,91.384,74
107300,1076,204,84.063,
107310,2999,251,92.277,78
107410,171169,18351,90.317,74
107800,1558,136,91.972,81
108200,3205,380,89.4,
108210,299,171,63.617,
108500,594,77,88.525,81
108600,32723,3786,89.63,
108710,30529,2966,91.145,83
108800,9569,1769,84.398,
109600,24244,6912,77.815,74
110800,20115,3316,85.848,83
111600,590,106,84.77,
111800,570,163,77.763,72
111900,311,1053,22.801,56
113020,7562,766,90.802,83
113200,47789,2186,95.626,84
113400,22364,12730,63.726,
113420,3974,3101,56.17,71
115100,3050,229,93.016,
115110,1388,162,89.548,80
115120,726,136,84.223,75
115320,7805,2702,74.284,76
115800,4203,718,85.409,88
200010,1478,262,84.943,77
200170,5545,895,86.102,73
200210,32275,5888,84.571,82
200260,36304,1650,95.653,91
200390,194,190,50.521,67
200510,43801,2540,94.519,89
200710,36015,2459,93.609,88
200900,5975,384,93.961,83
201210,450,174,72.115,
201420,750,134,84.842,
201480,362,351,50.771,64
201570,1443,460,75.828,
201790,15486,888,94.577,83
201810,36145,3764,90.569,81
201830,1208,628,65.795,54
201870,8787,1512,85.319,80
202170,15500,910,94.455,80
202750,4336,1794,70.734,73
202970,30450,5160,85.51,74
203140,31226,3058,91.08,79
203160,180856,6958,96.295,86
203290,7695,2072,78.786,
203630,2000,320,86.207,71
203680,1123,319,77.878,62
203750,5309,928,85.121,68
203770,56651,6311,89.976,82
203830,1619,256,86.347,75
204030,5677,469,92.369,83
204060,1854,537,77.541,83
204100,30494,5519,84.675,87
204120,1445,182,88.814,80
204180,1781,359,83.224,81
204240,3286,437,88.262,74
204300,22052,3898,84.979,78
94590,748,117,86.474,63
96100,7477,1209,86.081,
204340,7647,929,89.167,74
204360,75044,3040,96.107,
204450,15902,783,95.307,79
204530,2341,153,93.865,75
204630,2007,268,88.22,
204880,12047,908,92.991,82
205020,1026,136,88.296,70
205190,1074,101,91.404,78
205230,2908,487,85.655,64
205650,2073,513,80.162,73
205710,1070,291,78.619,
205730,610,91,87.019,76
205910,3615,323,91.798,75
205950,4958,736,87.074,
206190,11391,303,97.409,83
206210,9803,1811,84.407,
206420,63081,6300,90.92,86
206440,51925,1899,96.472,81
206480,3221,1353,70.42,
206500,8233,1541,84.234,
206610,237,324,42.246,
206690,460,94,83.032,
207080,1611,129,92.586,
207140,27678,1823,93.821,84
207150,212,345,38.061,74
207170,5055,316,94.117,82
207230,5670,2097,73.001,
207350,2303,132,94.579,76
207420,591,247,70.525,81
207490,2289,150,93.85,86
207570,302,73,80.533,
207610,51824,1682,96.856,82
207650,396,307,56.33,65
207690,4390,173,96.209,82
208090,34968,5373,86.681,72
208140,6837,1681,80.265,77
208200,6095,1026,85.592,
208480,10247,3449,74.817,80
208500,2465,240,91.128,80
208520,1312,703,65.112,
208580,15735,1182,93.013,85
208650,55380,13809,80.042,
208670,1594,395,80.141,63
208730,1545,617,71.462,58
208750,2710,290,90.333,78
209000,28399,4283,86.895,74
209080,13247,1383,90.547,64
209100,1719,1582,52.075,48
209160,16193,10783,60.027,68
209190,857,106,88.993,80
209540,1246,360,77.584,66
209650,14253,8528,62.565,78
209670,3995,1602,71.378,44
209730,331,349,48.676,
209790,497,61,89.068,70
209830,1054,166,86.393,81
209870,12403,4093,75.188,75
210770,12248,1345,90.105,77
210970,10037,1726,85.327,87
211160,981,1091,47.346,
211360,466,96,82.918,79
211400,9403,2471,79.19,78
211420,68359,6348,91.503,85
211440,1005,160,86.266,
211500,9765,4295,69.452,
211600,2396,206,92.083,92
211740,1230,78,94.037,87
211820,139076,10359,93.068,81
212010,1269,430,74.691,
212070,10068,3268,75.495,75
212390,961,357,72.914,
212480,12666,779,94.206,
212500,10348,2432,80.97,86
212630,2685,1342,66.675,71
212680,56272,2304,96.067,84
212740,4443,1223,78.415,77
212800,5891,734,88.921,
213030,469,83,84.964,
213330,1995,190,91.304,81
213610,8921,1405,86.394,
213650,1371,244,84.892,
213670,44697,1123,97.549,
213850,3716,783,82.596,
214150,105,120,46.667,83
214170,2129,278,88.45,81
214250,1541,761,66.942,66
214340,8738,1137,88.486,74
214360,1220,449,73.098,59
214490,40342,3090,92.885,81
214510,7053,847,89.278,80
214550,542,131,80.535,
214560,15135,467,97.007,91
214730,4498,239,94.955,68
214770,5154,375,93.218,88
214790,967,165,85.424,
214830,1201,190,86.341,75
214870,2653,787,77.122,64
214950,51219,13687,78.913,76
214970,1169,204,85.142,80
215080,5987,1815,76.737,76
215100,1287,400,76.289,79
215120,307,138,68.989,
215160,1630,154,91.368,82
215280,5369,2555,67.756,76
215470,4519,1334,77.208,67
215510,2375,623,79.219,74
215530,6953,1392,83.319,72
215670,1100,533,67.361,69
215690,865,270,76.211,
215790,306,461,39.896,61
215830,3102,998,75.659,
215870,162,222,42.188,
215930,822,270,75.275,
216890,1282,302,80.934,
216910,1050,387,73.069,69
217200,5934,343,94.536,
217750,1317,606,68.487,
217920,2012,942,68.111,52
218060,2713,229,92.216,85
218230,49838,10717,82.302,84
218410,3004,126,95.974,
218510,715,255,73.711,
218620,440033,59901,88.018,79
218640,6858,1642,80.682,59
218680,8622,653,92.96,75
218740,2023,376,84.327,63
218820,1625,672,70.744,76
219150,59870,1608,97.384,85
219340,601,219,73.293,67
219640,54476,11586,82.462,79
219680,1930,669,74.259,80
219700,450,253,64.011,
219740,83804,2797,96.77,79
219780,2888,564,83.662,
219830,3931,754,83.906,81
219890,14019,701,95.238,82
219910,2146,240,89.941,75
219950,961,165,85.346,
219990,59263,4312,93.217,83
220160,1519,440,77.54,85
220200,83772,5131,94.229,88
220240,63370,7053,89.985,88
220260,4310,391,91.683,
220440,19044,1260,93.794,85
220660,615,780,44.086,61
220700,3776,219,94.518,
220740,1883,175,91.497,78
220780,7980,492,94.193,77
220820,2702,552,83.036,
220860,3089,597,83.804,76
221040,23881,5937,80.089,69
221100,177039,86333,67.22,
221260,7916,510,93.947,68
221380,84319,3926,95.551,68
221540,2056,388,84.124,81
221640,21696,689,96.922,88
221680,15188,1261,92.334,
221810,2031,306,86.906,68
221910,36235,3088,92.147,88
222160,291,164,63.956,
222480,7310,1248,85.417,77
222520,651,350,65.035,
222730,4132,1141,78.361,75
674020,11476,7151,61.609,
222750,3553,464,88.449,80
222880,110872,10206,91.571,74
222940,6689,719,90.294,
222980,2049,317,86.602,
223100,7974,5733,58.175,54
223470,53612,2430,95.664,59
223710,28426,4640,85.967,
223750,12730,2616,82.953,
223830,3168,420,88.294,77
224260,54651,6341,89.604,
224300,633,96,86.831,70
224460,4497,472,90.501,62
224480,7635,558,93.189,69
224500,2630,756,77.673,
224540,12155,6624,64.727,
224600,9634,2983,76.357,64
224760,11880,985,92.344,91
224860,273,584,31.855,47
224900,595,416,58.853,
224920,1138,430,72.577,
224940,439,196,69.134,77
224960,2648,494,84.278,
224980,690,104,86.902,
225000,378,124,75.299,
225020,559,392,58.78,
225080,35017,1933,94.769,90
225160,2313,226,91.099,
225260,14663,1067,93.217,80
225280,1013,183,84.699,
225300,1297,193,87.047,
225320,796,154,83.789,
225420,1301,981,57.011,72
225540,67940,17057,79.932,74
225600,3149,1618,66.058,72
225640,1782,630,73.881,
225840,18907,1473,92.772,
226120,360,207,63.492,79
226580,1833,389,82.493,61
226700,10714,14894,41.838,
226720,1878,1123,62.579,
226740,903,251,78.25,
226840,8333,2098,79.887,80
226860,7307,2209,76.786,81
227080,2488,175,93.428,70
227100,3557,482,88.066,62
227180,1813,881,67.298,
227200,969,125,88.574,79
227220,1582,226,87.5,79
227300,402991,10111,97.552,79
227480,1725,741,69.951,58
227780,2323,227,91.098,
214420,6381,2210,74.275,
227860,4257,2754,60.719,
227940,88465,42283,67.661,
228200,8880,554,94.128,93
228280,8496,865,90.76,78
228300,10921,2178,83.373,65
228360,1769,137,92.812,77
228380,20894,3545,85.494,81
228400,2905,2097,58.077,77
229480,1025,218,82.462,
230050,5496,722,88.389,
230190,5308,887,85.682,
230230,10619,952,91.773,87
230270,2178,121,94.737,90
230290,12590,579,95.603,
230410,379823,38983,90.692,69
230820,2222,244,90.105,75
230980,283,194,59.329,83
231040,852,251,77.244,75
231060,1754,1195,59.478,
231140,848,645,56.798,
231160,6321,345,94.824,87
231200,2322,535,81.274,81
231430,59466,16683,78.092,80
231740,2483,481,83.772,
232010,4718,1072,81.485,
232050,1636,773,67.912,74
232090,88649,12202,87.901,75
232430,12588,3809,76.77,86
232450,772,409,65.368,
232750,1711,590,74.359,59
232770,3387,635,84.212,56
232790,5888,1171,83.411,73
232810,1784,5211,25.504,
232890,7655,3640,67.773,
232910,5029,654,88.492,77
233130,20848,1609,92.835,73
233150,3597,347,91.202,80
233270,11624,1423,89.093,81
233290,11436,2029,84.931,59
233370,581,188,75.553,74
233450,50279,4966,91.011,83
233470,4651,949,83.054,61
233610,5545,432,92.772,74
233720,12161,2584,82.475,71
233740,2389,308,88.58,
233840,2113,609,77.627,73
233860,40244,2322,94.545,75
233980,6514,535,92.41,68
234080,4822,1165,80.541,
234140,51443,4920,91.271,73
234190,3149,794,79.863,
234270,3395,250,93.141,78
234330,2705,1184,69.555,
234390,2311,396,85.371,78
234630,10044,2867,77.794,83
234650,10462,1355,88.533,76
234670,9716,1057,90.188,80
234710,5444,861,86.344,75
234940,1083,351,75.523,
241560,10166,4664,68.55,71
235210,2509,495,83.522,78
235250,1317,175,88.271,
235320,1394,85,94.253,61
235340,2137,1608,57.063,65
235400,665,599,52.611,
235460,19492,1403,93.285,83
235540,14757,3719,79.871,79
235600,12326,2356,83.953,
235720,347,109,76.096,75
235800,4425,994,81.657,76
236090,16146,715,95.759,
236110,13891,4299,76.366,
236370,4448,3257,57.729,
236390,172007,42353,80.242,81
236430,33475,4076,89.145,91
236450,6532,308,95.497,
236510,2238,3321,40.259,34
236690,5193,1486,77.751,76
236730,635,154,80.482,77
236850,77923,11037,87.593,87
236870,27758,6056,82.09,
237110,15084,1537,90.753,81
237310,6082,1931,75.902,
237630,4621,692,86.975,66
237850,3289,666,83.161,71
237870,4094,2351,63.522,
237930,25837,1465,94.634,83
237950,252,149,62.843,71
237990,11868,1417,89.334,80
238010,19546,1677,92.098,91
238050,243,26,90.335,
238070,1261,82,93.894,
238090,16969,3894,81.335,
238210,5356,323,94.312,92
238240,955,1745,35.37,
238260,2527,942,72.845,
238280,1146,413,73.509,62
238320,67049,2670,96.17,80
238370,7803,1743,81.741,
238430,9978,3951,71.635,62
238460,58958,1656,97.268,85
238750,1850,879,67.79,70
238910,710,239,74.816,71
238960,146381,10801,93.128,86
239030,40160,1367,96.708,85
239070,5461,613,89.908,72
239120,1900,423,81.791,68
239140,221974,11653,95.012,87
239160,14104,5142,73.283,70
239200,5805,2688,68.35,72
239250,3076,592,83.86,58
252610,5147,372,93.26,
239350,12838,1058,92.386,90
239430,1375,264,83.893,
239820,33816,1653,95.34,68
240320,3213,1705,65.331,
240440,658,62,91.389,81
240720,28152,6010,82.407,
240760,6489,1387,82.39,87
241240,1025,96,91.436,
241260,4211,421,90.911,
241540,14972,2744,84.511,79
241600,15799,1092,93.535,85
241910,1612,204,88.767,80
241930,62446,5342,92.12,84
242050,40154,4824,89.275,
242570,1370,575,70.437,58
242640,6127,1264,82.898,71
242680,13688,542,96.191,89
242700,13432,2259,85.603,79
242720,6941,3548,66.174,
242760,246250,13791,94.697,83
242860,28936,4952,85.387,70
242880,2873,817,77.859,63
242920,31815,3472,90.161,73
243040,711,82,89.66,86
243120,2872,639,81.8,
243200,1694,195,89.677,79
243470,21472,8449,71.762,77
243780,747,205,78.466,72
243800,2944,466,86.334,73
243930,2154,1032,67.608,56
243950,1504,512,74.603,
243970,4384,378,92.062,82
244050,1046,883,54.225,77
244070,452,218,67.463,
244090,228,135,62.81,
244160,8018,1082,88.11,86
244210,39443,4030,90.73,85
244450,24823,2748,90.033,68
244710,2915,512,85.06,69
244770,1999,830,70.661,
244850,89515,11837,88.321,
244930,7984,4121,65.956,
245050,122,134,47.656,
245170,20497,1277,94.135,83
245280,4660,827,84.928,70
245390,1095,142,88.521,
245470,5268,1784,74.702,70
245490,1358,624,68.517,80
245620,9863,2750,78.197,75
246070,434,365,54.318,73
246420,7464,250,96.759,
246580,2589,387,86.996,
246620,36430,2184,94.344,
246840,1733,114,93.828,80
246900,11626,879,92.971,
247000,4950,1463,77.187,51
247020,4776,258,94.875,
247080,19091,761,96.167,87
247240,1823,423,81.167,76
247430,1505,250,85.755,
247660,2319,1082,68.186,59
247730,7210,10221,41.363,57
247950,1052,3041,25.702,57
248390,10023,1363,88.029,
248550,919,114,88.964,69
248570,12807,1644,88.624,
248610,8042,441,94.801,83
248650,829,249,76.902,
248820,25560,1707,93.74,77
248860,3848,413,90.307,77
249050,9293,1265,88.019,79
249130,12501,830,93.774,78
249230,3505,1282,73.219,65
249590,1815,316,85.171,77
249630,2144,310,87.368,
249650,1991,1217,62.064,68
249870,1552,325,82.685,68
249990,1954,672,74.41,
250050,2081,78,96.387,
250180,6087,687,89.858,
250260,5068,421,92.33,75
250320,24791,585,97.695,85
250340,3996,1497,72.747,
250400,13635,2871,82.606,60
250420,2697,1856,59.236,
250460,987,312,75.982,
250520,3273,494,86.886,72
250600,19915,1682,92.212,
250620,4942,739,86.992,66
250760,12812,470,96.461,85
250900,134572,2670,98.055,
251060,12184,1491,89.097,78
251130,3266,237,93.234,75
251150,5189,409,92.694,85
251170,2674,1080,71.231,
251410,99,127,43.805,
251470,2552,139,94.835,87
251530,510,132,79.439,
251570,141006,21867,86.574,
251730,2686,257,91.267,
251870,2652,401,86.865,
251950,1352,1633,45.293,73
251990,6134,321,95.027,67
252030,2105,376,84.845,83
252110,2701,172,94.013,80
252130,2147,209,91.129,83
252150,29885,820,97.329,
252330,5493,718,88.44,65
252410,4742,346,93.2,76
252470,2047,533,79.341,
252490,514596,83104,86.096,69
252530,5861,1188,83.147,
252630,1727,234,88.067,77
252670,2429,295,89.17,75
252870,3091,271,91.939,
252950,461806,56115,89.165,86
253030,5703,370,93.907,79
253230,35658,686,98.112,79
253250,7621,2397,76.073,
253430,6394,1953,76.602,
253710,17522,16445,51.585,
253860,268,146,64.734,
253900,3115,613,83.557,
253980,4605,1219,79.069,71
254060,672,373,64.306,
254080,367,271,57.524,71
254440,2401,269,89.925,
254700,26735,3271,89.099,79
255070,1481,873,62.914,69
255220,6349,1844,77.493,78
255300,1301,180,87.846,65
255320,1000,187,84.246,
255420,1821,2230,44.952,60
255520,2831,685,80.518,
255710,145030,10991,92.955,85
256190,2865,1572,64.571,52
256290,11107,865,92.775,77
257170,1297,212,85.951,75
257350,5219,552,90.435,78
257400,1305,756,63.319,
257420,7670,1488,83.752,
257510,22400,999,95.731,85
257730,2626,732,78.201,
257750,2925,604,82.885,
257850,13151,871,93.788,84
258090,223,155,58.995,
258180,1290,2453,34.464,45
258200,198,150,56.897,
258520,7365,934,88.746,82
258760,1135,298,79.204,
258890,1202,311,79.445,
258970,6280,1548,80.225,
259130,289,72,80.055,
259320,270,231,53.892,
259530,2539,190,93.038,
259680,4400,201,95.631,
260230,18673,866,95.568,
260410,1184,426,73.54,
260430,2277,1037,68.709,
260750,2403,64,97.406,69
261030,23263,978,95.966,80
261110,5614,1804,75.681,
261180,5559,349,94.093,82
261510,986,141,87.489,68
261530,2380,728,76.577,
261570,42966,2005,95.542,88
261640,27672,6640,80.648,75
262060,82904,8669,90.533,84
262150,2017,828,70.896,
262280,3697,880,80.773,70
262390,736,129,85.087,72
262410,13410,2730,83.086,
262940,1802,238,88.333,
263060,5273,1303,80.186,
263300,2213,358,86.075,
263500,2623,749,77.788,43
263540,1863,1281,59.256,
263620,2548,601,80.915,
263760,4333,360,92.329,
263980,6360,469,93.132,
264120,598,646,48.071,
264140,4432,2479,64.13,
264200,15364,287,98.166,
264240,1078,418,72.059,
264380,3317,179,94.88,
264710,153009,6404,95.983,87
265210,4264,438,90.685,
265300,9764,6318,60.714,73
265550,9550,3506,73.146,
265590,1648,608,73.05,74
265610,2488,89,96.546,
265630,28973,2740,91.36,
265770,132,395,25.047,
265890,4351,150,96.667,
265930,50772,5895,89.597,62
266010,7395,302,96.076,
266130,1848,390,82.574,
266150,418,277,60.144,
266210,3587,210,94.469,
266310,1275,490,72.238,
266410,1546,239,86.611,79
266430,1552,700,68.917,
266510,8928,948,90.401,78
266840,19752,1972,90.922,66
267130,268,28,90.541,
267490,744,1100,40.347,
267530,2518,429,85.443,
267750,782,520,60.061,
267920,675,182,78.763,
268050,15741,3011,83.943,68
268130,5401,312,94.539,79
268420,6686,1761,79.152,
268500,56269,9562,85.475,88
268540,1070,358,74.93,
268650,7144,791,90.032,
268750,6066,1037,85.401,
268850,2832,807,77.824,
268870,3275,1371,70.491,75
268910,69778,2671,96.313,88
269210,20723,6199,76.974,
269650,2370,340,87.454,62
269670,1937,331,85.406,79
269770,4806,432,91.753,
269790,3240,1030,75.878,55
269950,9751,943,91.182,
270150,7498,1002,88.212,78
270170,2251,1652,57.674,
270210,4448,330,93.093,
270450,3469,288,92.334,
270550,10331,1614,86.488,
270850,3829,796,82.789,
270880,73712,3031,96.05,76
271240,3728,1151,76.409,78
271500,474,1125,29.644,
271570,1360,468,74.398,
271590,884548,190752,82.261,96
271860,503,295,63.033,
271920,383,74,83.807,
272060,4808,1429,77.088,
272230,1861,390,82.674,
272270,2594,1128,69.694,81
272470,1500,699,68.213,77
272510,5599,1107,83.492,61
272890,607,435,58.253,63
273110,25192,13062,65.855,
273350,31069,14838,67.678,77
274170,31450,2415,92.869,
274190,40788,1187,97.172,83
274290,1807,734,71.114,64
274310,1738,590,74.656,73
274500,3514,170,95.385,70
274520,8507,487,94.585,80
274560,1388,535,72.179,
274620,378,254,59.81,
274900,5064,852,85.598,
274920,6325,1310,82.842,
274940,26578,3729,87.696,65
275200,1488,138,91.513,
275390,5002,410,92.424,80
275470,949,182,83.908,
275490,848,1063,44.375,
275670,1623,255,86.422,73
275850,132859,56625,70.116,61
276810,4579,1953,70.101,74
277430,3127,761,80.427,70
278080,7324,1407,83.885,71
278360,24681,2159,91.956,73
278460,1409,202,87.461,
278970,8390,9852,45.993,
279640,168,159,51.376,
279720,508,271,65.212,
280160,7169,747,90.563,71
280180,1480,352,80.786,
280220,3656,126,96.668,
391220,89884,5827,93.912,86
280640,44,145,23.28,
280680,1367,93,93.63,
280790,23293,5623,80.554,
281610,4309,955,81.858,79
281640,2466,276,89.934,82
281750,623,125,83.289,68
281920,2020,218,90.259,
281990,87677,13078,87.02,78
282070,64171,3566,94.736,83
282100,745,247,75.101,
282140,25276,1101,95.826,84
282210,1006,1111,47.52,64
282440,11692,1991,85.449,
282560,1303,4032,24.424,43
282660,7357,1842,79.976,
282800,18442,1363,93.118,
282900,10657,548,95.109,72
283290,2173,332,86.747,70
283640,11824,1096,91.517,84
283880,1036,149,87.426,
284050,645,39,94.298,
284160,67001,2691,96.139,
284240,1327,349,79.177,
284930,202,204,49.754,
284950,1965,427,82.149,
285010,562,203,73.464,
285160,5174,1313,79.76,
285190,8738,9997,46.64,77
285310,4828,287,94.389,
285330,3182,451,87.586,74
285580,728,360,66.912,
285800,2236,481,82.297,
285900,21246,6931,75.402,
285920,12453,1422,89.751,
286000,2759,692,79.948,80
286040,2442,938,72.249,59
286100,5152,394,92.896,
286120,429,370,53.692,
286160,39331,1543,96.225,
286260,2818,198,93.435,
286570,5027,3072,62.069,61
286690,47888,7275,86.812,
286940,8052,3486,69.787,
287100,256,578,30.695,
287120,461,181,71.807,70
287290,13722,3820,78.224,
287340,986,1277,43.57,
287390,39647,5632,87.562,76
287450,8937,604,93.669,89
287630,3083,539,85.119,67
287700,57730,6164,90.353,91
287920,1504,1389,51.988,
287980,10246,344,96.752,77
288160,16430,390,97.681,73
288470,6951,1401,83.226,
289070,129603,26056,83.261,88
289090,1282,759,62.812,
289130,13193,2425,84.473,82
289520,899,350,71.978,73
289650,24603,9883,71.342,
289690,2080,1126,64.878,73
289780,421,190,68.903,
289950,4177,1044,80.004,
290080,7263,3745,65.979,63
290300,5992,1035,85.271,
290340,10871,2336,82.312,75
290730,2770,506,84.554,
290770,2987,399,88.216,76
290790,2626,1215,68.368,77
291480,46065,21037,68.649,62
291550,180852,32246,84.868,
291650,16557,2278,87.905,89
291860,6519,421,93.934,78
292030,485984,9821,98.019,93
292120,9256,3306,73.683,
292140,2332,1588,59.49,
292370,175,162,51.929,
292380,600,740,44.776,
292390,327,105,75.694,
292410,2488,503,83.183,
292500,840,59,93.437,82
292570,377,165,69.557,
292620,270,270,50,
292630,470,2270,17.153,
292730,10202,10744,48.706,73
292910,4470,632,87.613,
292930,701,162,81.228,60
293180,1593,1047,60.341,
293260,3843,608,86.34,80
293540,1130,588,65.774,
293760,5471,494,91.718,
293780,5048,258,95.138,
294040,1015,353,74.196,
294100,97843,1669,98.323,87
294860,10182,1031,90.805,
295110,47072,32796,58.937,
295690,1208,158,88.433,
295790,6019,1403,81.097,
296050,573,255,69.203,
296300,5156,1674,75.49,
296470,6935,339,95.34,
296490,3085,116,96.376,
296870,1985,196,91.013,
296910,1399,501,73.632,
296970,2374,191,92.554,
297000,10274,3244,76.002,65
297020,2457,861,74.051,
297130,4710,1164,80.184,74
297920,317,105,75.118,
298050,4479,1550,74.291,74
298110,27948,6299,81.607,80
298160,1213,320,79.126,
298180,915,96,90.504,
298260,3782,2191,63.318,39
298520,1488,306,82.943,59
298600,2217,205,91.536,61
298610,3698,2419,60.454,
298630,13230,1481,89.933,71
298900,3011,2610,53.567,58
299260,280,273,50.633,
299360,11995,3342,78.21,72
299480,634,282,69.214,68
299740,20966,10173,67.33,
300040,450,450,50,
300080,1838,1709,51.818,
300380,7563,1668,81.93,
300550,4630,523,89.851,87
301520,85492,32223,72.626,
301640,11675,1652,87.604,72
301690,189,174,52.066,
301750,580,490,54.206,
301860,2974,988,75.063,47
301910,6216,2111,74.649,66
301970,1442,116,92.555,71
302080,1283,362,77.994,61
302380,3505,144,96.054,
302510,22012,3804,85.265,61
302590,3478,587,85.56,
302610,1378,109,92.67,
302670,11024,3126,77.908,
302830,15757,11574,57.652,
303210,14571,2219,86.784,
303390,4959,3450,58.973,
304050,64593,15571,80.576,
304240,11618,966,92.324,82
304390,64911,33120,66.215,76
304430,29758,1183,96.177,87
304530,2433,1614,60.119,68
304650,6530,1294,83.461,81
304730,2135,1211,63.808,67
304930,390547,37407,91.259,
305050,3091,710,81.321,79
305260,2582,813,76.053,
305620,71459,6915,91.177,
305640,391,179,68.596,
306020,7114,471,93.79,
306040,1634,454,78.257,
306130,78433,18188,81.176,
306350,278,92,75.135,
306410,640,343,65.107,
306660,2044,471,81.272,84
306760,2443,587,80.627,76
307070,921,218,80.86,
307110,3435,506,87.161,
307230,1894,353,84.29,65
307290,1118,738,60.237,
307670,2812,773,78.438,73
307690,34416,3061,91.832,
307780,32509,7711,80.828,84
307880,3598,2821,56.052,
307960,3982,1047,79.181,74
308040,1858,426,81.349,
308060,1039,299,77.653,72
308420,3045,474,86.53,75
308600,1607,374,81.121,
310060,1734,246,87.576,
310080,5916,387,93.86,68
310370,4949,1731,74.087,
310510,1440,294,83.045,77
310560,30525,4388,87.432,86
310950,18865,12119,60.886,89
311210,74221,24583,75.119,73
311240,2167,319,87.168,78
311260,2518,1824,57.992,
311290,3878,1347,74.22,73
311340,9924,2099,82.542,80
311560,8187,1607,83.592,74
311690,54949,2215,96.125,83
311730,5502,2882,65.625,69
311860,138,76,64.486,
312150,699,308,69.414,
312280,2127,666,76.155,
312450,1605,517,75.636,81
312520,3576,460,88.603,66
312530,28146,1048,96.41,82
312610,2075,241,89.594,
312660,26853,3081,89.707,78
312670,3735,716,83.914,68
312750,1637,298,84.599,
312840,3404,823,80.53,
312990,16405,473,97.198,
313010,739,1355,35.291,47
313120,22819,7198,76.02,
313140,286,248,53.558,
313160,11694,1134,91.16,64
313340,12650,1693,88.196,
313480,821,99,89.239,
313500,732,136,84.332,75
313630,1945,474,80.405,68
313690,3464,486,87.696,
313730,2496,191,92.892,
313740,5784,1564,78.715,
314000,1045,496,67.813,
314010,568,142,80,
314020,3939,781,83.453,
314160,17125,2955,85.284,
314250,455,152,74.959,
314280,940,610,60.645,
314410,2911,229,92.707,80
314450,1377,293,82.455,
314660,2487,356,87.478,87
314710,1479,1492,49.781,52
314970,1730,410,80.841,
315430,3842,951,80.159,
316010,16972,7040,70.681,
316790,5310,568,90.337,84
317250,2162,468,82.205,
317360,10034,794,92.667,
317410,957,345,73.502,
317470,3115,1130,73.38,
318100,1210,1080,52.838,
318430,2947,564,83.936,
318600,4647,1494,75.672,73
319180,339,223,60.32,
319510,21176,2260,90.357,78
319570,194,287,40.333,
319630,143935,5509,96.314,
319830,863,266,76.439,
319910,4636,2501,64.957,
320040,2650,715,78.752,62
320240,5935,1973,75.051,62
320300,11490,1005,91.957,68
320340,535,556,49.038,
321150,521,207,71.566,
321360,4982,1285,79.496,
321400,2475,691,78.174,
321480,918,78,92.169,
321800,1523,189,88.96,80
321960,2484,2247,52.505,
322110,3463,267,92.842,
322170,110478,6770,94.226,
322190,3614,161,95.735,81
322330,242985,9504,96.236,83
322500,23818,2727,89.727,82
322680,806,114,87.609,82
322770,2266,221,91.114,
322780,3260,1973,62.297,
323060,1598,670,70.459,61
323190,56877,5621,91.006,84
323320,4385,417,91.316,75
323470,13592,1757,88.553,
323580,6021,1663,78.358,79
323850,16394,1825,89.983,80
323910,3456,1142,75.163,
324080,3480,696,83.333,
324310,2056,978,67.765,
324800,15224,2048,88.143,78
324810,4049,1241,76.541,
325090,517,137,79.052,
325610,19950,5165,79.435,80
326160,1414,1298,52.139,58
326360,1225,394,75.664,
326410,2554,634,80.113,61
326460,24046,1730,93.288,
326960,21,2,91.304,
327030,5105,1067,82.712,79
327070,4363,1759,71.268,
327140,1043,53,95.164,
327220,1375,180,88.424,74
327410,6886,1320,83.914,66
327640,793,523,60.258,
327690,5531,1824,75.201,76
327740,431,47,90.167,84
327890,4259,1233,77.549,60
328060,333,264,55.779,
328080,5559,642,89.647,
329000,55,60,47.826,
329050,8168,826,90.816,
329070,738,143,83.768,
329110,5751,1441,79.964,
329130,3021,194,93.966,
329380,724,221,76.614,
329430,6897,1753,79.734,
329440,1555,916,62.93,
330000,72,66,52.174,
330020,7927,668,92.228,82
330350,277,608,31.299,
330830,15234,749,95.314,
330840,8018,2503,76.209,
331120,1111,546,67.049,
331360,2786,962,74.333,
331470,40454,1812,95.713,
331480,1826,200,90.128,71
331600,5622,1398,80.085,
331670,1273,114,91.781,
332070,2433,1979,55.145,
332200,3901,289,93.103,80
332310,10153,2970,77.368,
332500,3392,3414,49.838,
332570,4521,431,91.296,
332790,258,292,46.909,
332800,10025,848,92.201,62
332950,5718,505,91.885,
333250,1631,341,82.708,
333420,7013,1790,79.666,
333600,21745,982,95.679,
333640,3536,160,95.671,
333930,46982,10964,81.079,63
333950,3692,2785,57.002,
334210,1236,384,76.296,
334230,27470,3337,89.168,
334920,2010,127,94.057,
335240,16663,2619,86.417,
335300,52219,8123,86.538,79
335330,1691,2456,40.776,
335430,709,319,68.969,
335670,10481,435,96.015,78
336510,487,526,48.075,
336520,310,461,40.208,
336670,183,307,37.347,
337000,24497,8866,73.426,83
337320,10877,664,94.247,
337340,10637,236,97.829,81
337410,264,188,58.407,
337950,1730,2286,43.078,
338180,1928,1205,61.538,
338530,170,136,55.556,
338540,609,759,44.518,
339200,1388,348,79.954,74
339280,3666,1189,75.51,
339340,4784,875,84.538,
339400,2025,352,85.191,
339470,223,445,33.383,
339600,2376,1700,58.292,
339610,7997,2924,73.226,
339800,25080,939,96.391,
340050,1857,460,80.147,
340170,1610,1005,61.568,69
340540,365,377,49.191,
340810,431,294,59.448,
340840,17,6,73.913,
341000,3827,404,90.451,
341310,1234,444,73.54,
341500,1115,420,72.638,
341720,966,439,68.754,
341800,8956,178,98.051,71
341940,8133,2126,79.277,43
342150,328,255,56.261,
342180,5465,1198,82.02,81
342200,6285,1868,77.088,
342380,1863,354,84.032,
342480,865,364,70.382,
342560,3347,150,95.711,
342570,210,331,38.817,
342620,397,83,82.708,
342980,1058,267,79.849,
343100,913,253,78.302,76
343360,1414,660,68.177,
343390,113,43,72.436,
343440,915,121,88.32,
343630,211,240,46.785,
343710,3945,1850,68.076,64
343740,321,88,78.484,
343780,3994,276,93.536,
344130,247,120,67.302,
344230,212,60,77.941,
344300,182,104,63.636,
344760,8489,6298,57.409,
345180,4795,736,86.693,75
345260,896,407,68.764,
345350,2627,663,79.848,
345390,2113,258,89.119,
345580,104,153,40.467,
345650,1797,231,88.609,
345820,1898,124,93.867,
346010,39241,1795,95.626,
346110,332376,86080,79.429,70
346120,4431,641,87.362,
346250,2908,320,90.087,
346330,2793,1167,70.53,
346900,41704,5460,88.423,
346940,3245,522,86.143,81
347030,146,171,46.057,
347560,666,347,65.745,
348510,562,1307,30.07,
349040,40600,4620,89.783,
349460,16,10,61.538,
349700,5586,5920,48.549,
349720,865,530,62.007,
350080,10823,1356,88.866,76
350640,6792,1827,78.803,65
350810,674,227,74.806,
351030,1471,500,74.632,
351140,211,169,55.526,
351490,927,234,79.845,
351640,11095,267,97.65,
351710,2715,225,92.347,
351920,6596,306,95.567,71
351940,4225,578,87.966,59
351970,6112,1247,83.055,77
352400,4253,512,89.255,72
352460,3019,1746,63.358,
352520,5742,414,93.275,
352720,4638,1012,82.088,
353130,1089,626,63.499,
353270,2983,152,95.152,
353360,2231,407,84.572,
353640,2365,270,89.753,69
354140,5343,703,88.372,68
354240,3310,470,87.566,
354290,820,298,73.345,
354380,2078,752,73.428,
354640,401,679,37.13,
355050,1526,132,92.039,
355180,12971,2489,83.9,
355790,2800,613,82.039,72
355840,12917,10962,54.094,
355920,257,38,87.119,
356040,4037,973,80.579,62
356130,338,342,49.706,
356190,50054,8278,85.809,
356310,868,794,52.226,
356370,360,162,68.966,
356400,2796,242,92.034,86
356500,2406,260,90.248,
356570,6512,884,88.048,64
356670,10982,856,92.769,
356880,145,108,57.312,
357190,2676,299,89.95,
357280,360,174,67.416,
357290,362,496,42.191,
357480,1146,798,58.951,
357900,569,658,46.373,
358130,2898,276,91.304,74
359050,8781,444,95.187,
359310,3218,465,87.374,
359320,53644,14939,78.218,80
359550,789977,106272,88.143,
359800,1378,844,62.016,
359870,10547,1039,91.032,
359900,619,391,61.287,64
360170,6894,2965,69.926,69
360380,616,314,66.237,
360430,20850,17141,54.881,62
360620,1033,134,88.518,
360640,1796,191,90.388,
360740,5935,184,96.993,81
360830,3150,1001,75.885,73
360870,1176,258,82.008,
360890,114,215,34.65,
360940,7668,1682,82.011,
361190,300,190,61.224,
361280,6708,599,91.802,73
361300,3374,526,86.513,70
361420,66887,7130,90.367,
361630,1288,241,84.238,
361800,4477,2335,65.722,
362490,5685,1229,82.224,
362610,120,141,45.977,
362620,4179,307,93.156,
362680,8052,259,96.884,70
362890,57654,2540,95.78,84
362930,8721,1101,88.79,
362960,8557,1303,86.785,80
363150,3064,2902,51.358,
363440,2540,472,84.329,85
363490,274,387,41.452,
363680,3494,1612,68.429,77
363890,4732,436,91.563,
363930,3961,853,82.281,
363970,48954,5478,89.936,
364360,36434,10344,77.887,86
364420,2820,693,80.273,
364470,7053,2436,74.328,
364690,413,693,37.342,
365300,8519,529,94.153,
365360,11497,1534,88.228,80
365450,17816,1268,93.356,82
365590,57278,26517,68.355,
365670,20154,607,97.076,
365960,3349,562,85.63,
366090,4435,449,90.807,
366220,1933,798,70.78,
366250,1832,220,89.279,
367120,1824,288,86.364,
367450,11025,987,91.783,73
367500,20913,2417,89.64,81
367520,141629,4502,96.919,87
367580,7781,236,97.056,
367670,2019,195,91.192,
368070,7736,4368,63.913,
368230,15143,1656,90.142,74
368340,10009,570,94.612,86
368360,8518,1700,83.363,
368370,6519,744,89.756,86
368500,14062,3904,78.27,74
368730,1759,467,79.021,
368990,650,1236,34.464,
369400,800,236,77.22,
369990,5338,855,86.194,75
370240,3792,3603,51.278,
370360,3100,107,96.664,
370510,701,341,67.274,
370770,891,235,79.13,
370910,2922,229,92.732,77
371330,264,99,72.727,
371420,708,208,77.293,
371460,103,38,73.05,
371660,16706,3536,82.531,74
371970,2470,206,92.302,
372000,12080,6737,64.197,
372360,2889,522,84.697,
372540,1113,538,67.414,
372800,2015,534,79.051,
373330,560,718,43.818,
373390,2246,102,95.656,
373420,17344,1822,90.494,94
373770,3466,135,96.251,
374030,1860,968,65.771,74
374040,15279,3224,82.576,72
374280,3655,2379,60.573,
374320,234017,15281,93.87,89
374830,263,68,79.456,
374900,1353,310,81.359,
375200,920,124,88.123,
375230,6151,6135,50.065,
375450,489,278,63.755,
375480,5222,231,95.764,
375510,618,879,41.283,
375530,2588,254,91.063,
375820,3008,194,93.941,78
375910,3198,1425,69.176,72
375950,6957,634,91.648,46
376210,27493,6155,81.708,
376570,3625,1311,73.44,82
376730,443,129,77.448,
376870,6107,1951,75.788,
377160,185995,50075,78.788,84
377310,180,134,57.325,
377530,4052,1105,78.573,
377840,6327,431,93.622,84
378100,269,329,44.983,
378370,2620,1749,59.968,
378540,5438,1798,75.152,72
378610,5253,489,91.484,
378860,11521,2982,79.439,84
379430,63171,14358,81.48,76
379720,137548,7072,95.11,85
380360,662,222,74.887,
380600,21954,4678,82.435,
380840,3696,472,88.676,
381140,214,103,67.508,
381210,362737,82663,81.441,
381940,1022,258,79.844,
613100,37170,3333,91.771,68
613830,3505,611,85.155,
614570,6087,909,87.007,81
616560,6654,2441,73.161,
617290,30032,5367,84.839,78
617830,4964,678,87.983,83
618140,1919,655,74.553,
618740,1450,204,87.666,
619080,1956,5005,28.099,
619150,4597,382,92.328,
619400,98,152,39.2,
383230,1589,532,74.917,67
383330,166,113,59.498,
383580,960,375,71.91,
383870,44906,6262,87.762,81
383980,17131,959,94.699,
384030,374,200,65.157,
384180,3814,683,84.812,
384190,18846,1454,92.837,83
384300,8149,2780,74.563,
384490,2870,1498,65.705,
384980,557,201,73.483,
385070,251,106,70.308,
385080,59,172,25.541,
385400,440,581,43.095,
385710,1258,280,81.795,68
385730,1809,1017,64.013,74
385760,4679,4112,53.225,90
385770,4214,535,88.734,
385800,14801,901,94.262,
386010,939,305,75.482,
386070,9080,1776,83.64,
386180,31671,9783,76.4,
386280,223,203,52.347,
386360,66944,15720,80.983,83
386620,2165,260,89.278,62
386940,20269,774,96.322,
387290,42600,1717,96.126,88
387860,4202,964,81.34,
387970,509,549,48.11,
387990,63402,5486,92.036,
388090,7079,542,92.888,51
388210,3150,93,97.132,86
388410,9259,2821,76.647,
388750,2292,212,91.534,
388880,8496,651,92.883,80
389040,950,908,51.13,
389430,4559,4829,48.562,
389460,32,77,29.358,
389570,9517,2212,81.141,
389730,38770,7689,83.45,82
390560,996,460,68.407,
390570,71,73,49.306,
390670,3100,1371,69.336,
391040,3593,634,85.001,86
391070,378,591,39.009,
391260,847,315,72.892,
391270,2453,659,78.824,
391460,10342,6556,61.203,
391540,144988,5375,96.425,92
391720,19968,2294,89.695,72
391730,2683,404,86.913,78
391780,259,234,52.535,
392110,14007,2931,82.696,
392160,7841,2699,74.393,
393080,2740,1736,61.215,
393380,69488,9929,87.498,
393410,704,421,62.578,
393420,22822,7045,76.412,
393520,2599,350,88.132,87
393530,1728,822,67.765,
394230,5935,3651,61.913,69
394310,7708,1971,79.636,73
394360,115571,10584,91.61,83
394380,362,470,43.51,
394510,17692,1567,91.864,83
394690,11637,1442,88.975,
394870,638,240,72.665,
394970,3504,159,95.659,76
395170,8979,637,93.376,76
395520,2592,356,87.924,
396710,1048,93,91.849,78
396750,7153,1806,79.842,79
396900,2824,481,85.446,80
397060,5410,1067,83.526,81
397100,699,209,76.982,
397340,6726,563,92.276,69
397460,1350,61,95.677,
397500,433,146,74.784,
397540,61724,11988,83.737,81
397720,160,89,64.257,
397900,29047,18566,61.006,
397950,8162,669,92.424,76
398710,5594,379,93.655,
398850,5068,260,95.12,74
399430,294,175,62.687,
399790,476,503,48.621,
399810,5582,1640,77.292,
400040,3354,158,95.501,
400110,454,216,67.761,79
400170,2054,676,75.238,79
400370,226,116,66.082,
400630,3770,207,94.795,78
400910,8920,240,97.38,
402130,723,652,52.582,52
402180,2332,375,86.147,
402390,173,137,55.806,
402560,843,468,64.302,
402570,4327,905,82.703,81
402710,7029,4779,59.527,
402840,2251,419,84.307,
403190,5926,1652,78.2,
403560,171,310,35.551,
403640,34435,5521,86.182,86
403900,203,273,42.647,
403970,1215,428,73.95,61
404410,4614,409,91.857,
404590,2256,1523,59.698,
404680,3387,409,89.226,76
404790,1426,40,97.271,
405310,3572,559,86.468,
405640,10723,512,95.443,86
405710,2901,746,79.545,
405900,3024,395,88.447,74
406150,14955,682,95.639,
406970,3686,966,79.235,
407060,391,123,76.07,
407120,498,214,69.944,
407130,4006,590,87.163,
407230,478,204,70.088,
407330,1463,136,91.495,
407530,5696,3479,62.082,
407900,2584,60,97.731,
408900,4956,732,87.131,
408930,699,139,83.413,
409160,8153,562,93.551,
409510,611,1340,31.317,
409710,23870,7034,77.239,80
409720,8596,4737,64.472,
410110,4233,762,84.745,74
410210,328,691,32.188,
410320,6495,360,94.748,79
410380,1096,638,63.206,87
410710,1134,109,91.231,85
410900,7660,881,89.685,74
410980,809,32,96.195,
411300,10373,3449,75.047,67
412020,45988,6153,88.199,82
412170,234,85,73.354,
412210,21,22,48.837,
412470,527,393,57.283,
412600,149,188,44.214,
412830,9793,238,97.627,87
412880,2138,1131,65.402,
413150,338016,7430,97.849,89
413410,17615,584,96.791,82
413420,14752,461,96.97,83
414340,39717,3622,91.643,83
414530,2116,1479,58.86,
414580,116,236,32.955,
414700,22834,2515,90.079,75
415200,8324,777,91.462,81
415660,1245,719,63.391,
415860,571,600,48.762,
415880,1172,364,76.302,
415960,180,70,72,
416600,1920,168,91.954,85
416680,2067,156,92.982,81
417290,3221,261,92.504,75
417430,587,349,62.714,
417860,26343,3404,88.557,
417890,838,179,82.399,
417910,976,715,57.717,
418030,6087,2178,73.648,
418070,3057,311,90.766,
418180,1506,621,70.804,
418240,23572,939,96.169,85
418340,9356,2017,82.265,
418370,37821,2497,93.807,83
418460,37146,6339,85.423,81
418530,10176,761,93.042,91
419480,2270,797,74.014,73
420110,10838,304,97.272,
420290,18258,3749,82.965,
420530,19678,379,98.11,80
420740,2107,227,90.274,
420790,872,247,77.927,
420970,109,80,57.672,
421020,9330,2818,76.803,78
421040,4243,560,88.341,
421050,2532,386,86.772,76
421120,2972,155,95.043,80
422250,347,275,55.788,
422970,6045,289,95.437,83
423580,2759,533,83.809,73
423710,127,164,43.643,
423880,7212,863,89.313,
424280,15884,329,97.971,
424370,33316,26748,55.468,60
424830,97,320,23.261,
424840,27023,1945,93.286,81
425580,11777,267,97.783,
426000,4356,712,85.951,
427100,4236,1926,68.744,
427190,2662,339,88.704,
427250,1644,390,80.826,69
427270,4191,1930,68.469,87
427290,10455,3392,75.504,72
427520,112795,1228,98.923,90
427730,13516,4523,74.927,
427820,1398,241,85.296,72
427930,44,36,55,
428550,7917,505,94.004,82
428660,3222,394,89.104,68
428690,9734,3093,75.887,
428750,920,72,92.742,74
428950,248,241,50.716,
429050,5080,1290,79.749,
429180,784,471,62.47,
429470,999,138,87.863,
429540,1404,347,80.183,
429570,4290,1206,78.057,
429660,11401,884,92.804,80
429790,5098,1317,79.47,
431240,34061,3513,90.65,
431730,6234,47,99.252,
431930,2353,201,92.13,
431960,327153,6407,98.079,
432470,102,145,41.296,
433340,60608,1490,97.601,81
433350,1491,1287,53.672,
433850,115873,93400,55.369,70
433950,5749,182,96.931,
434050,2127,430,83.183,72
434170,3552,107,97.076,
434250,1119,454,71.138,
434420,801,339,70.263,
434460,2139,390,84.579,
434570,23511,1292,94.791,
434610,145,152,48.822,
434650,16844,2191,88.49,
434730,2453,672,78.496,
435150,114470,4663,96.086,93
435400,6938,235,96.724,78
435530,5058,853,85.569,76
435790,1676,371,81.876,
436110,848,234,78.373,
436150,5031,2015,71.402,
436180,1594,1478,51.888,
436520,5130,3634,58.535,
436820,1317,44,96.767,
437220,10436,7773,57.312,
437900,638,61,91.273,
437920,8277,858,90.608,80
438020,116,257,31.099,
438030,209,258,44.754,
438040,17455,1431,92.423,
438100,81203,8324,90.702,
438180,436,163,72.788,
438480,1270,226,84.893,
438490,2989,819,78.493,
438640,3759,699,84.32,
438680,1107,192,85.219,
438740,45348,12242,78.743,61
439190,5252,709,88.106,74
439350,3485,1072,76.476,
439700,1302,1147,53.165,
440650,3351,527,86.411,
440900,50402,14144,78.087,68
441380,1151,541,68.026,
441870,3116,1005,75.613,
442070,1983,508,79.607,
442120,2522,356,87.63,89
442780,1587,580,73.235,
442810,320,234,57.762,
443110,1607,791,67.014,
443580,1694,585,74.331,
443810,7067,1448,82.995,
444090,254885,42394,85.739,83
444200,57880,14609,79.847,
444220,441,232,65.527,
444480,316,133,70.379,
444490,338,138,71.008,
444640,16469,2030,89.026,
444930,707,165,81.078,
445190,2355,423,84.773,74
445220,7745,714,91.559,
445720,394,425,48.107,
445980,11262,1018,91.71,79
446020,5499,1687,76.524,65
446030,76,15,83.516,
446150,2932,1260,69.943,
446800,7895,1616,83.009,71
447020,17402,1274,93.178,69
447040,40964,8762,82.379,
447270,218,95,69.649,
447530,23960,550,97.756,77
447820,17565,3618,82.92,77
447850,377,358,51.293,
448070,462,324,58.779,
448280,2507,265,90.44,68
448470,203,148,57.835,
448510,10385,1025,91.017,81
448630,59,96,38.065,
448780,1118,345,76.418,
449140,2218,312,87.668,
449220,678,391,63.424,
449540,3570,487,87.996,
449960,8511,839,91.027,72
450390,4425,223,95.202,
450540,10087,323,96.897,
451020,4965,652,88.392,78
451340,7088,2848,71.337,
451520,999,179,84.805,
451880,407,149,73.201,
452060,2432,323,88.276,
453090,4450,258,94.52,83
453480,8509,2824,75.082,
453820,78,210,27.083,
453850,210,105,66.667,
453980,188,176,51.648,
454200,121,142,46.008,
454540,433,363,54.397,
454650,21009,3513,85.674,
454690,128,94,57.658,
454910,583,243,70.581,
456670,3895,653,85.642,80
456750,6170,226,96.467,
457140,61825,2336,96.359,86
457330,2953,2462,54.534,
457420,226,86,72.436,
457550,1880,275,87.239,
458710,4360,155,96.567,
459220,4465,522,89.533,
459820,15104,1592,90.465,
460120,2790,140,95.222,
460790,14739,1322,91.769,90
460810,4064,518,88.695,78
460920,14970,3442,81.306,72
460930,41569,12075,77.49,
460950,33343,567,98.328,83
461560,5030,279,94.745,
461730,328,134,70.996,
461880,95,90,51.351,
461890,254,155,62.103,
461910,2057,660,75.709,
461950,2727,567,82.787,71
462770,6308,657,90.567,82
462780,8743,1333,86.771,
462930,2785,1378,66.899,
463150,1882,274,87.291,
463220,375,108,77.64,
463530,4301,223,95.071,
447920,19,23,45.238,
463710,86,48,64.179,
464060,7755,817,90.469,75
464780,813,115,87.608,
464920,12199,2343,83.888,76
465520,4502,260,94.54,
465760,654,220,74.828,58
466170,878,108,89.047,
466240,56570,14575,79.514,
466300,2406,133,94.762,85
466500,2603,1049,71.276,
466560,30561,4211,87.89,80
466840,141,125,53.008,
466910,3632,885,80.407,
467000,123,121,50.41,
467370,257,307,45.567,
467960,4372,706,86.097,
468250,676,338,66.667,
468560,735,704,51.077,
468700,561,140,80.029,
468920,3330,436,88.423,70
469600,2554,691,78.706,
469730,598,117,83.636,
469820,6872,607,91.884,68
469890,259,56,82.222,
469990,1258,102,92.5,
470220,21501,8166,72.474,
471550,2247,655,77.429,
471710,12888,1135,91.906,
473560,244,180,57.547,
473690,8281,3701,69.112,75
473770,1859,145,92.764,
474050,53,54,49.533,
474750,5995,770,88.618,77
474960,16358,2792,85.42,66
475150,19091,1781,91.467,
475550,15418,1510,91.08,75
475630,311,202,60.624,
476600,17780,10552,62.756,
477160,125105,7414,94.405,70
477290,197,104,65.449,
478980,636,56,91.908,
479130,2870,1072,72.806,
480430,2955,588,83.404,68
480490,30802,3409,90.035,
480650,3161,583,84.428,
481510,10822,812,93.02,88
482730,6425,4526,58.67,80
482920,2164,510,80.927,
484950,876,296,74.744,
485310,859,885,49.255,
485330,83,104,44.385,
485510,20661,4906,80.811,84
485610,4532,1081,80.741,
485950,97,162,37.452,
485980,2827,446,86.373,
486310,4693,547,89.561,
486480,29,109,21.014,
487220,998,348,74.146,
488210,141,176,44.479,
488790,11900,3031,79.7,
489220,390,225,63.415,
489520,48955,4313,91.903,
489630,3297,820,80.083,71
489830,137322,16039,89.542,74
489940,9853,6165,61.512,
490220,903,184,83.073,
490980,98,29,77.165,
491130,1779,197,90.03,
491530,2044,770,72.637,
491650,145,72,66.82,
491950,11356,1057,91.485,77
492720,15071,2352,86.501,78
493200,3922,410,90.536,78
493340,41403,4320,90.552,84
493370,800,307,72.267,
493490,8345,2189,79.22,
493520,20596,2525,89.079,
493650,91,226,28.707,
493900,14713,794,94.88,75
494840,7800,2136,78.502,
495420,16493,4791,77.49,69
495890,11083,535,95.395,
495910,2586,1418,64.585,78
496240,4816,1620,74.829,
496300,6908,1047,86.838,
496460,3147,1656,65.522,
496680,179,217,45.202,
496750,83,156,34.728,
497050,69,72,48.936,
497180,2284,385,85.575,
497640,1905,72,96.358,
498240,8003,1901,80.806,
498320,65,159,29.018,
499420,53,66,44.538,
499520,5498,794,87.381,74
500810,909,135,87.069,81
500980,7,8,46.667,
501300,18873,909,95.405,89
501590,3990,549,87.905,76
502090,59,91,39.333,
502140,112,117,48.908,
502500,15592,2759,84.965,
502550,977,351,73.569,
503300,3096,849,78.479,
503560,10073,1318,88.429,68
503770,442,69,86.497,
503820,554,268,67.397,
503940,5341,1154,82.232,74
504130,1863,415,81.782,
504210,2779,129,95.564,
504230,34209,776,97.782,88
504370,47322,8819,84.291,85
504490,117,220,34.718,
505170,1864,582,76.206,
505230,4801,421,91.938,
505460,11080,2621,80.87,
506140,2419,1086,69.016,
506610,6418,607,91.359,62
506670,165,60,73.333,
507380,141,66,68.116,
507490,2829,873,76.418,81
508290,348,426,44.961,
508390,672,225,74.916,
508440,57589,1177,97.997,
509980,5091,1844,73.41,
510630,434,220,66.361,
510840,627,274,69.589,
511470,4619,123,97.406,
511800,1375,436,75.925,
512250,2914,283,91.148,64
512470,2892,677,81.031,
512640,63,89,41.447,
512900,12746,498,96.24,
513000,1216,1226,49.795,
513450,1228,149,89.179,
513510,4168,566,88.044,
513560,1665,629,72.581,
513590,44,96,31.429,
513620,105,72,59.322,
513710,35924,13966,72.006,
513780,1320,374,77.922,
514660,126,57,68.852,
514900,4333,1072,80.167,78
514970,117,170,40.767,
515180,5673,1470,79.42,67
515220,4517,747,85.809,89
515470,131,174,42.951,
515690,62,77,44.604,
516510,466,197,70.287,
516750,29263,2146,93.168,
517630,11120,7941,58.339,68
517710,3343,512,86.719,81
518030,4918,770,86.463,
518150,2133,264,88.986,
518580,2197,144,93.849,
518790,63743,10338,86.045,
518800,120,215,35.821,
519140,911,372,71.005,
519190,6161,3617,63.009,
519860,11590,221,98.129,88
520440,5235,355,93.649,
521200,1336,43,96.882,
521890,4946,1356,78.483,38
522090,68,116,36.957,
522210,1878,315,85.636,64
522470,2985,343,89.694,
522570,315,540,36.842,
523660,1334,130,91.12,
524220,72366,15930,81.958,84
526160,4179,1650,71.693,
526740,1299,821,61.274,
526870,49358,1427,97.19,
527230,17640,2199,88.916,79
527430,8565,3074,73.589,67
527750,72,104,40.909,
527760,148,142,51.034,
527770,104,121,46.222,
528230,7554,381,95.198,
528510,219,106,67.385,
528670,10,6,62.5,
529110,2315,562,80.466,
529180,5633,4639,54.838,
529240,148,173,46.106,
529840,537,246,68.582,
529920,13,8,61.905,
530070,5135,1490,77.509,
530330,3591,682,84.039,
530620,3626,482,88.267,
530700,5455,5407,50.221,
530890,4606,766,85.741,
531510,9903,199,98.03,
531640,4761,1266,78.995,
532210,18310,3421,84.258,
532840,1100,280,79.71,75
533300,7099,431,94.276,
533540,3544,908,79.605,
533780,1492,308,82.889,
534220,308,152,66.957,
535230,6494,818,88.813,73
535480,2948,615,82.739,
535760,159,109,59.328,
535930,20983,2075,91.001,83
536220,8795,2321,79.12,81
536930,3139,1190,72.511,
537180,4766,2198,68.438,
537800,7343,947,88.577,75
539440,100,103,49.261,
539470,3041,529,85.182,75
540020,64,83,43.537,
540840,2228,198,91.838,
541570,6649,265,96.167,
542340,627,717,46.652,
543460,2408,2127,53.098,74
543900,2739,1473,65.028,54
544330,1803,476,79.114,71
544550,2803,540,83.847,
544730,3624,3200,53.107,
544750,6903,1614,81.05,80
544810,15277,2694,85.009,80
544920,14761,3332,81.584,74
545270,962,393,70.996,67
545650,452,497,47.629,
545700,38,58,39.583,
546050,3867,761,83.557,
546430,1163,379,75.422,68
546560,54915,762,98.631,93
546700,123,67,64.737,
546980,75,164,31.381,
547680,1171,535,68.64,
547960,306,305,50.082,
548430,81404,2620,96.882,85
548570,8058,5225,60.664,73
550010,1639,226,87.882,
550470,1518,624,70.868,
550650,57598,16941,77.272,
550900,8627,3883,68.961,
551170,1506,370,80.277,
551550,37,79,31.897,
552100,16121,1116,93.526,
552500,53715,12367,81.285,82
552520,72275,20126,78.219,
552620,6371,806,88.77,70
552990,61611,14533,80.914,81
553310,3912,136,96.64,
553640,19074,1881,91.024,84
553790,814,143,85.057,
554620,30750,2112,93.573,77
555160,20341,1250,94.211,
555210,3117,368,89.44,
555220,10049,2623,79.301,83
555570,16831,15282,52.412,
556160,84,101,45.405,
557180,2262,2041,52.568,
557340,20302,830,96.072,81
557400,1463,209,87.5,
557600,7710,216,97.275,84
557780,970,341,73.989,
558100,5171,1361,79.164,
558990,3924,89,97.782,90
559100,2456,776,75.99,73
559650,8795,1226,87.766,
560130,10549,1547,87.211,88
560260,2277,243,90.357,
561340,109,22,83.206,
562010,2466,1297,65.533,
562240,31,68,31.313,
881100,28933,1290,95.732,
562270,205,249,45.154,
562360,919,161,85.093,
562590,1208,557,68.442,
562810,3223,4301,42.836,
562860,4661,482,90.628,79
563120,89,70,55.975,
563560,13086,721,94.778,
564530,1183,142,89.283,
564710,5004,298,94.379,
565860,328,95,77.541,
566050,817,41,95.221,
567630,3233,783,80.503,
567640,9705,1551,86.221,80
575550,3189,417,88.436,
575720,1163,710,62.093,
575860,61,92,39.869,
576120,11,15,42.308,
576470,510,154,76.807,
577460,140,111,55.777,
577800,5491,13346,29.15,87
578080,918249,777956,54.135,86
578310,11532,2506,82.148,
578330,2681,497,84.361,80
578620,6449,376,94.491,85
578650,9572,1562,85.971,82
581130,1068,267,80,
581320,59399,11530,83.744,78
581630,4394,809,84.451,
582010,258457,50818,83.569,88
582160,56810,9223,86.033,
582500,14123,1192,92.217,
582890,1595,228,87.493,
583950,11584,13131,46.87,76
584400,14990,1115,93.077,84
584980,5749,849,87.132,79
585420,6704,750,89.938,
585550,987,217,81.977,
585560,34,60,36.17,
585690,685,297,69.756,
586030,902,281,76.247,
586140,4445,355,92.604,
586380,313,133,70.179,
586620,55,99,35.714,
586980,2359,726,76.467,
587620,5239,417,92.627,92
587790,8,29,21.622,
587860,964,420,69.653,
588140,0,1,0,
588430,36706,4975,88.064,63
588650,72485,2367,96.838,89
589290,12375,1471,89.376,
589360,6740,1216,84.716,81
589590,3614,195,94.881,
589780,5593,358,93.984,80
589870,3521,317,91.74,
590380,11061,679,94.216,90
591740,1068,1210,46.883,
591960,1968,681,74.292,
592580,2449,1549,61.256,81
592600,786,800,49.559,
593280,5311,255,95.419,79
593600,5689,2398,70.347,
594570,85671,5706,93.756,87
594650,71281,15919,81.744,81
595280,2107,535,79.75,
595320,80,140,36.364,
595520,4046,491,89.178,
596970,1936,325,85.626,87
597170,10406,330,96.926,
597220,5697,153,97.385,87
597760,2827,139,95.314,81
598330,2325,622,78.894,
598700,4980,483,91.159,
598810,1114,245,81.972,
599140,17389,3133,84.733,69
599390,2828,184,93.891,
599460,1122,274,80.372,
599750,913,165,84.694,
600750,605,354,63.087,
601150,56457,3671,93.895,89
601430,16123,1318,92.443,80
601510,24340,4663,83.922,
601840,6971,277,96.178,
6060,40971,2686,93.847,78
6120,2346,273,89.576,67
6220,2955,230,92.779,72
6310,1435,138,91.227,91
6370,1394,230,85.837,79
6510,908,236,79.371,66
6550,1816,1239,59.444,66
6800,2328,286,89.059,
6810,605,89,87.176,
6830,1813,312,85.318,87
6840,541,323,62.616,72
6850,2129,392,84.451,87
6860,8426,524,94.145,82
6870,491,161,75.307,76
603850,12407,2213,84.863,
604240,6825,389,94.608,
604500,937,570,62.177,
604990,5,0,100,
605740,7450,1375,84.419,
606140,778,490,61.356,
606150,8920,1798,83.224,74
606280,7853,2520,75.706,70
606330,176,51,77.533,
606800,3881,881,81.499,
606870,45,33,57.692,
606880,9907,2569,79.408,72
619910,1590,499,76.113,
620590,4545,1193,79.209,77
620980,48032,1881,96.231,93
621060,30265,1860,94.21,
622650,14171,1984,87.719,
625340,1498,682,68.716,
625960,13356,3427,79.581,
626680,726,168,81.208,
626690,11877,3121,79.191,61
627270,8933,1621,84.641,86
627690,6519,1352,82.823,
629520,22366,626,97.277,
629730,16380,876,94.924,
629760,71054,14741,82.818,81
629910,1454,782,65.027,
630100,11618,2937,79.821,
631510,2881,308,90.342,
632350,3780,539,87.52,
632360,142669,5337,96.394,85
632470,30751,1910,94.152,91
633230,16378,3648,81.784,66
633460,6098,920,86.891,69
635260,17049,1270,93.067,
635730,4838,882,84.58,
635880,98,54,64.474,
636040,2841,1041,73.184,
636150,744,154,82.851,
636480,33660,1166,96.652,
637090,18326,4182,81.42,78
637100,3106,1734,64.174,56
637650,28049,6551,81.066,
637850,3870,254,93.841,
638070,1695,985,63.246,63
638230,12266,680,94.747,
638490,1374,65,95.483,
638970,32666,2073,94.033,86
639790,7222,252,96.628,
640150,378,344,52.355,
640590,3282,572,85.158,
640820,16862,4601,78.563,73
641320,8031,1712,82.428,64
641960,1162,262,81.601,
641990,15457,1865,89.233,75
642390,399,282,58.59,
643270,4878,262,94.903,
644560,63267,1814,97.213,
644570,7359,688,91.45,
644830,3698,924,80.009,76
644930,28187,4997,84.942,77
645260,532,232,69.634,
645630,32040,3751,89.52,
646570,88068,1868,97.923,89
646910,33665,8728,79.412,
647830,3227,576,84.854,
647960,1634,43,97.436,
648120,659,219,75.057,
648350,34523,6247,84.677,69
648390,5079,303,94.37,
648430,748,546,57.805,
648800,102452,8452,92.379,
649190,523,350,59.908,
650000,1185,907,56.644,69
650700,2980,240,92.547,
652410,127,7,94.776,
652980,6870,1050,86.742,
653530,12411,404,96.847,89
654880,4135,415,90.879,72
654990,777,598,56.509,
657200,24101,4663,83.789,
658570,972,200,82.935,
658850,4757,345,93.238,
662320,819,722,53.147,
663380,1272,510,71.38,
663390,1141,1079,51.396,
664430,1081,1018,51.501,64
665180,3790,461,89.155,
665360,5601,1768,76.008,
666140,28917,2194,92.948,73
666220,6606,760,89.682,
666860,1585,408,79.528,
667530,5603,609,90.196,
667870,2397,413,85.302,
667890,2817,1008,73.647,
668630,18656,1788,91.254,
669580,409,115,78.053,
670290,3562,959,78.788,
671440,2483,724,77.424,
671510,4044,1691,70.514,
671610,1203,146,89.177,
672640,538,115,82.389,
672680,1746,1017,63.192,
673130,3315,117,96.591,85
1516320,5,1,83.333,
1533390,5101,124,97.627,
1536610,1107,53,95.431,
1546540,1973,127,93.952,
674500,2657,826,76.285,
674750,1264,263,82.777,
674940,66414,4838,93.21,
675010,17698,2242,88.756,
675260,4351,492,89.841,79
677120,4945,612,88.987,
677160,3246,810,80.03,69
677620,10562,1962,84.334,
678800,4204,786,84.248,
678950,33856,4035,89.351,85
678960,25484,3264,88.646,72
679900,2282,184,92.539,
680320,1212,181,87.006,
680360,3320,457,87.9,
680420,18133,9370,65.931,
680780,14,10,58.333,
681280,5811,373,93.968,78
681660,3860,6337,37.854,
682130,1609,192,89.339,
2620,2785,161,94.535,91
2630,4711,374,92.645,86
2640,883,132,86.995,87
2700,4180,431,90.653,81
2800,283,62,82.029,72
2810,361,141,71.912,71
2820,2012,329,85.946,73
2840,187,68,73.333,67
2850,68,24,73.913,
2870,3016,4083,42.485,33
2990,9202,455,95.288,76
3130,455,80,85.047,77
3170,713,67,91.41,82
3270,569,191,74.868,65
3320,2547,102,96.149,
3480,2745,115,95.979,
3483,964,74,92.871,
3590,50437,1832,96.495,87
3700,1725,523,76.735,76
3720,2948,164,94.73,75
3730,1767,255,87.389,
3830,10241,524,95.132,87
3900,2130,173,92.488,94
3910,4285,542,88.771,90
3920,4201,261,94.151,88
3990,243,26,90.335,84
4000,660486,23699,96.536,
4500,20343,907,95.732,82
4560,5439,374,93.566,93
4570,5765,289,95.226,86
4580,5160,180,96.629,87
4700,20046,900,95.703,
4720,1972,337,85.405,78
4760,12353,737,94.37,92
4770,490,172,74.018,79
4780,600,32,94.937,85
4850,1593,208,88.451,60
6000,10136,500,95.299,78
6010,865,49,94.639,
6020,9877,419,95.93,81
6030,3142,308,91.072,89
682990,7374,1091,87.112,59
683320,38694,1337,96.66,84
684410,2951,277,91.419,77
684680,1138,272,80.709,
686200,5467,313,94.585,
686810,33616,7195,82.37,
688420,3989,408,90.721,
688470,1862,1455,56.135,
689580,427,45,90.466,
690040,6470,1059,85.934,78
690510,3388,753,81.816,
690530,5767,1690,77.337,
690640,6673,656,91.049,81
690790,15791,3285,82.779,84
690830,6794,1095,86.12,
691020,853,823,50.895,
692850,25796,1192,95.583,
695920,1074,213,83.45,
696170,2492,680,78.562,
696370,1842,692,72.691,
698780,149083,4845,96.852,
699170,3597,363,90.833,82
700030,2744,3698,42.595,
700330,90076,8635,91.252,
700600,3262,1749,65.097,
701160,6244,819,88.404,
702670,3765,507,88.132,77
702810,1176,109,91.518,
703080,36027,4256,89.435,81
703860,2651,1452,64.611,
703950,664,209,76.06,
704270,11994,6723,64.081,
704430,3,1,75,
704450,3903,541,87.826,
704850,9276,1563,85.58,
705120,2625,264,90.862,
705220,3976,477,89.288,
706990,9808,3390,74.314,
707010,6185,2233,73.474,
707680,2232,427,83.941,
708420,289,114,71.712,
710920,6352,1045,85.873,77
711810,2897,919,75.917,
712050,2496,318,88.699,
712100,6913,3418,66.915,
714010,31947,1521,95.455,
715210,43,6,87.755,
718560,2130,253,89.383,
718670,5215,1417,78.634,71
718850,3554,873,80.28,81
719040,7647,1600,82.697,85
719890,2500,770,76.453,
721420,4,5,44.444,
723780,3878,2172,64.099,
724970,2307,1472,61.048,
728530,4366,681,86.507,71
728540,3517,3391,50.912,
728730,1121,249,81.825,
728880,25481,2710,90.387,81
729040,11033,1820,85.84,
730310,2542,5497,31.621,
731490,10085,750,93.078,
732370,2549,331,88.507,
732430,8385,292,96.635,
732690,4484,134,97.098,
732730,475,390,54.913,
734580,1864,858,68.479,
734750,2979,495,85.751,
735850,792,202,79.678,
736190,20049,1775,91.867,
736220,11541,3725,75.599,
736260,12246,212,98.298,87
737800,8442,1214,87.428,83
738060,12863,834,93.911,
738520,7286,1127,86.604,
738540,1928,325,85.575,80
739630,248792,6598,97.417,
741260,779,569,57.789,
742120,7214,1037,87.432,
742300,2568,234,91.649,
743090,1070,1195,47.241,48
743370,309,141,68.667,
743450,7876,596,92.965,73
744900,11703,4776,71.018,
745920,25337,3528,87.778,
746850,6153,668,90.207,73
748940,1288,265,82.936,
750920,40254,8346,82.827,77
751780,21720,1542,93.371,78
752590,30089,1894,94.078,81
753420,5304,492,91.511,
753640,16445,830,95.195,85
753650,3110,583,84.213,
754530,736,336,68.657,
755790,71122,23505,75.16,
755800,1243,309,80.09,
757130,478,650,42.376,
757240,2146,123,94.579,
758190,4547,509,89.933,
760060,15021,1542,90.69,78
760510,292,22,92.994,
760620,3569,836,81.022,
761890,24880,6791,78.558,72
763410,2349,344,87.226,
764030,225,75,75,
764050,1939,392,83.183,
764790,5613,320,94.606,83
766570,12076,4159,74.383,
767560,3969,2864,58.086,
769560,3840,622,86.06,
770240,3078,2751,52.805,80
771060,575,227,71.696,
773951,7847,2315,77.219,
774171,37701,3647,91.18,
774241,2212,1943,53.237,69
774361,12060,1413,89.512,77
774861,13181,2504,84.036,
777130,3292,452,87.927,
778700,5599,1262,81.606,
779340,59880,10405,85.196,85
779650,272,169,61.678,
782330,102980,11365,90.061,88
783770,6826,2608,72.355,
784150,7143,714,90.913,
784950,797,362,68.766,
785740,3161,1072,74.675,66
787480,10051,238,97.687,80
787860,40432,3022,93.046,73
788100,7847,1298,85.806,
788260,3067,1913,61.586,
788770,3511,131,96.403,
790710,1393,480,74.373,69
790740,4901,585,89.336,
790820,3680,491,88.228,83
791930,1123,210,84.246,
792220,7491,873,89.562,
792300,2417,443,84.51,74
793350,1309,45,96.677,
793460,1721,245,87.538,73
794260,11831,3986,74.799,67
794540,948,164,85.252,76
794600,2988,1166,71.931,
795100,4220,280,93.778,
795580,351,256,57.825,
795630,1889,437,81.212,
797410,755,700,51.89,
797430,2202,334,86.83,
798420,1643,534,75.471,
799960,2460,655,78.973,
800270,2427,744,76.537,
802200,1703,248,87.289,
803330,5762,324,94.676,
804490,970,235,80.498,
805550,11934,1319,90.048,77
805850,1780,525,77.223,
808290,524,303,63.362,71
809140,2887,381,88.341,
809960,6107,3997,60.441,
812140,87692,11194,88.68,
812810,10872,436,96.144,
813630,7322,318,95.838,85
813780,68448,4673,93.609,84
813820,34496,12152,73.95,
814380,122707,6756,94.782,88
814480,1324,1366,49.219,
814540,4551,375,92.387,
815370,28258,4322,86.734,77
815940,496,507,49.452,
816020,8540,3534,70.73,60
816090,4225,1530,73.414,
816340,3153,154,95.343,
822240,1300,1280,50.388,
823130,35238,6018,85.413,
1129580,14729,1272,92.05,
823500,17962,1811,90.841,72
824270,15202,1298,92.133,
825310,776,695,52.753,
826630,3923,1288,75.283,75
829590,2155,576,78.909,
831450,6,5,54.545,
834530,8148,608,93.056,80
834910,17634,20207,46.6,
835860,3258,1799,64.426,
837380,275,84,76.602,
837470,5382,244,95.663,79
838350,28886,5888,83.068,
838380,4209,1658,71.74,73
839200,315,75,80.769,
839770,1535,579,72.611,74
840260,2952,771,79.291,
840800,3507,1783,66.295,
841370,8905,13755,39.298,76
843380,10570,465,95.786,
844870,20152,11792,63.085,
845070,10719,840,92.733,79
847370,5259,536,90.751,83
848450,30653,2163,93.409,
851100,9279,199,97.9,
851850,21288,1583,93.079,73
853770,2240,242,90.25,
857980,3323,490,87.149,81
858810,10398,1521,87.239,
859570,8542,1219,87.512,
859580,11194,8428,57.048,76
860510,9547,442,95.575,
861540,5229,542,90.608,80
861650,5349,854,86.232,
862690,3245,374,89.666,
863550,46873,4868,90.592,82
865360,5123,734,87.468,77
866440,3921,199,95.17,
866800,10303,668,93.911,77
867290,1721,1033,62.491,59
868020,788,74,91.415,
868360,3581,534,87.023,75
869760,2988,419,87.702,
870780,16291,1808,90.01,85
871720,22661,979,95.859,
872790,10405,1658,86.255,86
874240,1692,1721,49.575,
875310,256,67,79.257,
876330,321,354,47.556,
877200,2346,501,82.403,
878750,4662,450,91.197,
879160,5383,2059,72.333,
880850,400,329,54.87,
880940,23467,2442,90.575,
882100,13039,4634,73.779,
883710,84558,2415,97.223,89
883860,878,324,73.045,
884660,26604,6166,81.184,
886250,1369,175,88.666,
888090,1706,103,94.306,
892970,207110,7712,96.41,
893030,2739,336,89.073,
893180,4836,693,87.466,80
893520,13202,3495,79.068,
893850,3005,232,92.833,76
895400,14341,3854,78.818,
896590,374,85,81.481,
897330,3813,148,96.264,
897450,1348,664,66.998,69
900270,4835,237,95.327,83
903950,13644,6965,66.204,
906100,2132,532,80.03,79
908500,9,9,50,
908520,974,22,97.791,
909080,4997,141,97.256,
911400,2579,2483,50.948,
914620,6117,1428,81.074,
915320,3119,1151,73.044,
916440,3307,697,82.592,81
920490,2567,388,86.87,
673950,12344,794,93.956,
921060,2422,2144,53.044,
921390,1346,789,63.044,
921570,6740,1134,85.598,80
921590,1234,1619,43.253,
921630,3448,2031,62.931,
922320,673,439,60.522,
922460,1735,123,93.38,
924140,6699,929,87.821,
927380,6613,294,95.743,82
928600,18598,2120,89.767,87
931690,4278,401,91.43,
933110,11317,4699,70.661,75
934840,2752,129,95.522,
935270,851,138,86.047,
937170,4690,287,94.233,
939850,4188,1620,72.107,75
939960,13747,4010,77.417,
942970,19813,664,96.757,72
945360,501658,31610,94.072,85
945490,44,8,84.615,
946050,3542,187,94.985,
950100,1624,1036,61.053,
950890,8,0,100,
952060,34764,10971,76.012,77
952070,2348,3611,39.403,
952860,4549,1254,78.39,
953490,10970,718,93.857,75
954740,6523,503,92.841,60
955050,24634,2160,91.938,
955900,13276,1982,87.01,
959080,1141,67,94.454,
960090,81539,2496,97.03,
960170,11357,1749,86.655,
960910,2808,539,83.896,75
960990,6198,641,90.627,76
962130,16246,2297,87.613,
962730,11135,1449,88.485,56
967050,18548,2578,87.797,
969990,8264,347,95.97,
970830,3287,376,89.735,72
972660,7956,332,95.994,84
973580,4229,1412,74.969,71
973760,9507,893,91.413,85
976310,38677,7180,84.343,82
976730,136500,10683,92.742,
976800,1943,1182,62.176,
977400,7035,909,88.557,
977950,14610,907,94.155,
979060,1342,203,86.861,
979080,1127,271,80.615,
984110,1720,173,90.861,
985890,9628,867,91.739,84
987350,875,1098,44.349,
991780,15695,4093,79.316,
992300,13592,2280,85.635,
992310,3848,82,97.913,
993870,310,453,40.629,
994280,26203,4191,86.211,
994930,570,172,76.819,
996470,17953,7616,70.214,
996580,11822,529,95.717,
997070,11594,6170,65.267,
999220,3613,1052,77.449,80
999730,2517,502,83.372,
1000010,3168,416,88.393,82
1002970,14,3,82.353,
1007040,4423,249,94.67,76
1008710,4033,492,89.127,
1010750,3489,184,94.99,77
1012880,4455,239,94.908,
1013320,2570,634,80.212,
1015500,1711,2598,39.708,43
1016920,8605,658,92.896,77
1017900,5400,1214,81.645,69
1021950,6560,563,92.096,
1022450,9074,1312,87.368,
1024380,2695,920,74.55,
1024480,236,136,63.441,70
1024890,1721,335,83.706,
1025580,2661,1462,64.54,
1026820,3084,232,93.004,
1030830,7093,3381,67.72,
1030840,24379,3238,88.275,
1036700,162,6,96.429,
1041320,2179,971,69.175,
1044200,2896,2030,58.79,
1046030,11513,599,95.054,82
1046930,72020,14522,83.22,
1048540,5877,377,93.972,
1049410,7694,409,94.952,
1049590,22975,3944,85.349,
1049800,5368,1997,72.885,
1056640,8207,1458,84.915,
1056960,3617,4248,45.989,69
1057090,63279,2497,96.204,88
1057240,4805,6338,43.121,56
1057700,2070,388,84.215,
1057850,1980,217,90.123,
1058020,2380,83,96.63,
1058640,2258,94,96.003,
1061090,4370,452,90.626,
1064610,5331,199,96.401,
1066780,10336,1560,86.886,76
1067310,4452,106,97.674,
1067600,857,90,90.496,
1067800,1041,333,75.764,
1067900,2869,303,90.448,
1071870,2954,250,92.197,74
1072390,2987,155,95.067,
1072920,314,584,34.967,
1073390,1283,74,94.547,
1078730,1028,341,75.091,
1080110,23895,1618,93.658,
1084520,1048,642,62.012,
1085660,301666,51595,85.395,83
1086640,886,403,68.735,
1086940,33546,4433,88.328,
1088150,2860,477,85.706,
1089090,5235,528,90.838,
1089130,2647,389,87.187,
1089350,28980,28287,50.605,74
1089980,21422,231,98.933,
1091500,310841,95940,76.415,86
1092660,3473,1028,77.161,69
1094030,1210,144,89.365,
1094520,12620,1725,87.975,
1094710,2094,919,69.499,
1096530,3098,224,93.257,
1096710,1065,134,88.824,
1097150,293794,61793,82.622,80
1097420,1059,250,80.901,
1097840,10769,5535,66.051,82
1100260,809,93,89.69,
1100600,27106,3414,88.814,84
1102190,11973,389,96.853,86
1104450,5126,495,91.194,
1104640,1753,1711,50.606,
1106530,1592,222,87.762,
1106840,5082,773,86.798,
1106850,3164,514,86.025,
1112400,927,358,72.14,
1113000,42410,1183,97.286,
1114940,2047,82,96.148,
1115690,3910,714,84.559,
1116960,3501,348,90.959,
1118200,35313,405,98.866,
1120810,2807,555,83.492,
1121910,8851,721,92.468,
1126290,5072,1133,81.741,
1127400,7526,255,96.723,
1128000,6392,10233,38.448,
1128810,15360,2751,84.81,
1133730,494,488,50.305,
1136160,4007,1526,72.42,
1139900,20079,1786,91.832,81
1140620,436,225,65.961,
1142500,1994,237,89.377,
1145360,135810,1645,98.803,93
1147550,4195,189,95.689,
1147560,18409,1279,93.504,82
1147690,6090,217,96.559,
1148590,3614,216,94.36,
1148650,4109,957,81.109,73
1150690,12626,156,98.78,
1151080,2152,143,93.769,
1151340,33745,12111,73.589,
1151640,36269,9045,80.039,
1154790,115,714,13.872,
1158310,48268,3329,93.548,91
1158980,2933,446,86.801,
1159660,3532,429,89.169,
1160220,1097,48,95.808,82
1161580,7335,649,91.871,
1162520,4820,4594,51.2,
1162930,1007,248,80.239,
1164850,1616,282,85.142,
1167630,16495,881,94.93,
1168280,1138,278,80.367,
1170880,6259,96,98.489,
1172380,65562,7018,90.331,81
1172470,166366,16245,91.104,88
1172620,99044,10799,90.169,
1173370,1644,278,85.536,
1173690,8970,1004,89.934,
1174180,148016,26434,84.847,93
1178030,4728,124,97.444,
1178490,7018,842,89.288,
1179680,766,523,59.426,
1180380,4017,4136,49.27,
1182020,727,438,62.403,
1183840,18,0,100,
1188930,2308,280,89.181,
1189630,19561,2191,89.927,
1190460,48744,3162,93.908,86
1191330,1098,661,62.422,
1195460,4334,2804,60.717,
1201240,2716,402,87.107,
1203630,2612,157,94.33,
1207590,2618,784,76.955,
1209040,5210,1504,77.599,
1209490,1939,492,79.761,68
1210250,1654,60,96.499,
1213210,19298,1836,91.313,82
1214280,5995,842,87.685,
1217060,34072,2320,93.625,
1218250,2876,489,85.468,
1218740,1733,1124,60.658,
1220010,3783,518,87.956,
1222140,21893,2360,90.269,80
1222670,17166,2143,88.902,
1222680,20459,4681,81.38,72
1222690,3272,1129,74.347,85
1222700,17248,1959,89.801,78
1222730,13916,5668,71.058,79
1225330,9570,15726,37.832,
1225560,1490,151,90.798,81
1226470,2876,2250,56.106,
1227800,587,241,70.894,
1229490,7008,35,99.503,
1230410,1849,236,88.681,
1233550,1052,681,60.704,
1233570,4265,776,84.606,74
1235140,9087,262,97.198,83
1236990,1783,122,93.596,
1237950,19714,2217,89.891,
1237970,52664,1953,96.424,86
1238000,3545,939,79.059,72
1238060,3147,904,77.685,78
1238080,1928,1015,65.511,
1238810,16740,8523,66.263,
1238820,2759,1530,64.327,89
1238840,17521,3193,84.585,
1238860,11681,2037,85.151,
1241100,4210,1842,69.564,
1241110,7,2,77.778,
1250410,17981,6028,74.893,91
1250870,736,357,67.338,
1252780,1932,204,90.449,
1253950,1810,190,90.5,
1258080,6142,1711,78.212,
1259970,13346,4889,73.189,
1262240,3410,1525,69.098,77
1262540,5108,2145,70.426,
1262560,4919,1284,79.3,78
1262580,4634,770,85.751,62
1263850,13857,927,93.73,
1264670,4005,1981,66.906,
1266680,31,13,70.455,
1273710,4185,1088,79.367,
1274450,2676,127,95.469,
1274570,4441,831,84.237,
1275630,2054,242,89.46,
1281800,4960,129,97.465,
1282690,2566,410,86.223,76
1282730,15337,936,94.248,
1283220,4857,583,89.283,
1284410,14696,1847,88.835,80
1285670,3587,52,98.571,
1286830,21531,2325,90.254,85
1288310,14974,293,98.081,
1289310,87795,1704,98.096,
1291340,8436,133,98.448,
1292630,477,366,56.584,
1293230,4635,372,92.57,
1293830,15855,5122,75.583,
1301720,1957,226,89.647,
1307550,9473,1956,82.886,
1313860,20296,7729,72.421,
1325200,14139,2875,83.102,
1325400,372,1854,16.712,
1326700,291,48,85.841,
1335200,6155,1211,83.56,
10,174744,4487,97.497,88
20,4828,821,85.466,
30,4647,515,90.023,79
40,1712,372,82.15,
50,10834,558,95.102,
60,3448,797,81.225,
70,58096,2076,96.55,96
80,17112,1708,90.925,65
130,7799,766,91.057,71
220,117797,3236,97.326,96
240,116378,4750,96.079,88
280,6807,2266,75.025,
300,14368,1452,90.822,80
320,8445,947,89.917,
340,7872,1180,86.964,
360,2078,674,75.509,
380,15791,789,95.241,87
400,85461,1431,98.353,90
420,23604,800,96.722,90
440,723743,45948,94.03,92
500,31255,1338,95.895,89
550,465318,13098,97.262,89
570,1247830,233051,84.263,90
620,239910,2968,98.778,95
630,18577,1024,94.776,77
730,4809199,647842,88.128,83
1200,1831,255,87.776,81
1250,58513,2855,95.348,72
9350,1726,217,88.832,86
9420,8676,261,97.08,81
9460,481,263,64.651,73
9480,11658,3375,77.549,72
9880,2511,1024,71.033,72
10090,33010,2136,93.922,83
10150,5508,1348,80.338,79
10180,38765,3125,92.54,86
10500,22215,2257,90.777,90
10680,12712,1400,90.079,68
11020,12402,1717,87.839,
11200,376,274,57.846,79
11450,4556,324,93.361,81
12100,8444,1280,86.837,93
12110,18796,1465,92.769,94
12120,54012,5106,91.363,93
12140,7133,788,90.052,89
12150,4831,285,94.429,86
12170,254,45,84.95,
12180,267,21,92.708,
12200,13506,2606,83.826,72
12210,60529,22168,73.194,90
12220,7822,2778,73.792,
12320,2345,465,83.452,74
12360,2844,485,85.431,79
12710,1378,102,93.108,
12770,457,196,69.985,59
12810,3008,393,88.445,79
12830,1275,667,65.654,76
12900,9794,430,95.794,85
13140,1633,723,69.312,70
13200,314,137,69.623,75
13210,2902,325,89.929,83
13230,2945,78,97.42,93
13240,2909,89,97.031,92
13250,1636,190,89.595,
13500,1296,205,86.342,83
13520,4573,953,82.754,89
13530,731,198,78.687,85
13560,1516,221,87.277,91
13570,2715,204,93.011,92
13580,458,658,41.039,80
13600,1550,221,87.521,89
15100,9102,1750,83.874,79
15120,3468,594,85.377,78
15130,2262,298,88.359,83
15170,2104,294,87.74,77
15320,1869,240,88.62,86
15370,1635,124,92.951,70
15560,787,265,74.81,
15620,7831,947,89.212,85
15700,3217,524,85.993,
15710,1101,64,94.506,
15740,585,171,77.381,
15750,1006,157,86.5,
16720,1372,898,60.441,61
16730,1215,1062,53.36,50
16810,664,124,84.264,83
16900,2887,379,88.396,
17080,6705,1692,79.85,86
17300,9112,2056,81.59,91
17330,2408,439,84.58,84
17390,30450,2942,91.19,84
17410,26230,3735,87.535,81
17430,5007,1782,73.752,65
17440,983,138,87.69,53
17450,8492,711,92.274,91
17460,14248,911,93.99,89
17470,15355,1589,90.622,86
17480,7534,1357,84.737,82
17500,5889,1027,85.15,
17570,4623,650,87.673,
17580,819,157,83.914,
17710,1785,481,78.773,71
18500,4009,142,96.579,81
18700,787,358,68.734,75
19830,1142,97,92.171,85
19900,7941,2373,76.992,85
19980,1456,371,79.693,82
20500,6624,695,90.504,82
20510,9968,1375,87.878,75
20530,1694,220,88.506,78
20540,1697,123,93.242,70
20550,453,399,53.169,64
20570,2236,208,91.489,85
20820,1054,67,94.023,84
20900,50545,6272,88.961,86
20920,57763,6289,90.181,88
21000,2783,484,85.185,80
261550,136485,19637,87.422,
381990,715,328,68.552,65
382110,1090,436,71.429,
382120,429,222,65.899,65
382310,5810,1246,82.341,
382490,6287,395,94.089,
382560,3294,224,93.633,
382900,1658,361,82.12,
383080,12407,2324,84.224,
383120,19511,4617,80.865,
383150,8250,2169,79.182,
383180,1962,731,72.856,
607050,3088,520,85.588,82
607260,2809,304,90.235,
607890,4950,1133,81.374,
608990,381,301,55.865,
609320,7774,520,93.73,80
610080,4287,668,86.519,
610180,1526,99,93.908,
610670,52,71,42.276,
611020,1092,521,67.7,
611500,22934,8859,72.135,
611660,3587,1860,65.853,78
611670,4659,1329,77.806,81
611790,7711,1010,88.419,
612020,1282,192,86.974,
612070,1398,380,78.628,
612170,95,21,81.897,
612880,21296,6056,77.859,86
613010,62,31,66.667,
568220,11657,824,93.398,
568570,2592,846,75.393,
568770,3167,102,96.88,
569480,15348,1439,91.428,
570770,1323,406,76.518,
570780,2520,636,79.848,
570840,3300,259,92.723,
570940,34591,5357,86.59,
571740,11227,1490,88.283,
572410,3920,1413,73.505,83
572520,593,265,69.114,
572890,3588,142,96.193,74
573090,16036,1416,91.886,
574820,180,29,86.124,
575490,332,314,51.393,
1500,565,180,75.839,84
1510,1844,179,91.152,75
1520,2617,412,86.398,84
1530,408,82,83.265,76
1700,1024,147,87.447,77
1506630,1,4,20,
6880,2395,1204,66.546,75
6900,1737,667,72.255,73
6910,9396,504,94.909,90
6920,910,650,58.333,80
6980,1520,318,82.699,85
7000,2813,371,88.348,82
7520,3524,2176,61.825,75
7600,1599,715,69.101,77
7650,558,52,91.475,
7660,568,75,88.336,
7670,23616,1377,94.49,96
7760,2762,165,94.363,
7830,2227,284,88.69,80
7940,13154,1043,92.653,92
8000,3314,674,83.099,83
8080,1820,1067,63.041,67
8140,3003,935,76.257,80
8170,1553,672,69.798,74
8190,40817,4035,91.004,84
8230,368,68,84.404,
8500,17240,5339,76.354,88
8600,1937,365,84.144,83
8800,2666,100,96.385,86
8850,10317,1186,89.69,88
8870,105526,5267,95.246,94
8930,167303,6696,96.152,90
8980,26480,2844,90.301,81
9000,328,48,87.234,
9010,4923,399,92.503,88
9030,255,27,90.426,
9050,4578,573,88.876,87
9160,462,125,78.705,
9180,1098,74,93.686,
9200,11400,3478,76.623,79
9340,777,63,92.5,87
9450,9897,459,95.568,
1469330,1,0,100,
1475380,4335,325,93.026,
602520,10169,289,97.237,
602890,520,215,70.748,
602960,10057,936,91.485,
603360,65,46,58.559,
1840,23662,1647,93.492,
1900,757,315,70.616,73
1930,3457,1198,74.264,65
2100,6492,536,92.373,72
2200,2221,100,95.692,
2210,1568,243,86.582,81
2270,2361,130,94.781,
2280,8781,383,95.821,
2290,871,135,86.581,
2300,4597,268,94.491,83
2310,4360,206,95.488,94
2320,2455,207,92.224,
2330,120,29,80.537,
2360,386,46,89.352,
2400,5011,820,85.937,76
2420,623,262,70.395,
2500,1093,272,80.073,74
2590,701,593,54.173,59
2600,9050,490,94.864,80
1340530,1789,298,85.721,
1342330,1651,152,91.57,
38600,2260,221,91.092,
517790,900,90,90.909,
1343370,5418,362,93.737,
1343400,11276,1344,89.35,
1344350,3386,667,83.543,
1353950,6,0,100,
1358880,9,1,90,
1359090,2436,810,75.046,
1361000,5684,1184,82.761,
1362420,660,72,90.164,
1363430,1960,79,96.126,
1364960,3051,502,85.871,
1366540,36389,773,97.92,
1368620,4,0,100,
1372640,5,0,100,
1373500,8,9,47.059,
1377380,3552,743,82.701,
1380400,16,1,94.118,
1393960,1,0,100,
1395560,1603,146,91.652,
1397920,6111,575,91.4,
1399760,2,2,50,
1399780,5806,1026,84.982,
1401750,14,2,87.5,
1404210,18513,4029,82.127,
1408720,3569,1078,76.802,
1423410,1,3,25,
1426210,9846,447,95.657,
1427150,1,7,12.5,
1436440,2,3,40,
1436930,2,2,50,
1444740,5,2,71.429,
1448530,575,237,70.813,
1468260,6222,326,95.021,
1468810,81795,10954,88.19,
